Name,FFS 17,FFS 18,FFS 19,FFS 20,FFS 21,fbref,fbref ID,FPL ID,FPL name,FPL pos,Team,FPL price,FT ID,FanTeam name,FT pos,FT price,DOB
Leno,,Leno,Leno,Leno,Leno,Bernd Leno,2628fd2b,1,Leno,GK,Arsenal,4.5,88472,Leno,GK,5,33667
Runarsson,,,,Rúnarsson,Rúnarsson,Rúnar Alex Rúnarsson,8fa8f8d2,2,Rúnarsson,GK,Arsenal,4,185033,Runarsson,GK,4,34748
Willian,Willian,Willian,Willian,Willian,Willian,Willian,8b9ebd03,3,Willian,MID,Arsenal,6.3,23302,Willian,MID,6.5,32364
Aubameyang,Aubameyang,Aubameyang,Aubameyang,Aubameyang,Aubameyang,Pierre-Emerick Aubameyang,d5dd5f1f,4,Aubameyang,FWD,Arsenal,9.6,77663,Aubameyang,FWD,9.1,32677
Cedric,Cedric,Cedric,Cedric,Cedric,Cedric,Cédric Soares,839c14e1,5,Cédric,DEF,Arsenal,4.2,138601,Soares,DEF,4.5,33481
Lacazette,Lacazette,Lacazette,Lacazette,Lacazette,Lacazette,Alexandre Lacazette,9dbb75ca,6,Lacazette,FWD,Arsenal,8.2,45079,Lacazette,FWD,7.5,33386
Xhaka,Xhaka,Xhaka,Xhaka,Xhaka,Xhaka,Granit Xhaka,e61b8aee,7,Xhaka,MID,Arsenal,4.8,23337,Xhaka,MID,4.9,33874
Mari,,,Marí,Marí,Marí,Pablo Marí,aa54ec6f,8,Marí,DEF,Arsenal,4.2,160699,Marí,DEF,4.5,34212
Bellerin,Bellerín,Bellerín,Bellerín,Bellerín,Bellerín,Héctor Bellerín,f874dd44,9,Bellerín,DEF,Arsenal,4.8,23332,Bellerín,DEF,4.5,34777
Chambers,Chambers,Chambers,Chambers,Chambers,Chambers,Calum Chambers,dc6f5bdd,10,Chambers,DEF,Aston Villa,4.2,176667,Chambers,DEF,4.5,34719
Kolasinac,Kolasinac,Kolasinac,Kolasinac,Kolasinac,Kolasinac,Sead Kolašinac,3935e52e,11,Kolasinac,DEF,Arsenal,4.2,234958,Kolasinac,DEF,4.5,34140
Elneny,Elneny,Elneny,,Elneny,Elneny,Mohamed Elneny,47a34c4f,12,Elneny,MID,Arsenal,4.4,183359,Elneny,MID,4.5,33796
Maitland-Niles,Maitland-Niles,Maitland-Niles,Maitland-Niles,Maitland-Niles,Maitland-Niles,Ainsley Maitland-Niles,e3a5814e,13,Maitland-Niles,MID,Arsenal,5.2,32246,Maitland-Niles,MID,5.4,35671
Holding,Holding,Holding,Holding,Holding,Holding,Rob Holding,d79a8c87,14,Holding,DEF,Arsenal,4.1,24075,Holding,DEF,4.6,34962
Partey,,,,Partey,Partey,Thomas Partey,529f49ab,15,Partey,MID,Arsenal,5,187806,Partey,MID,5.5,34133
Tierney,,,Tierney,Tierney,Tierney,Kieran Tierney,fce2302c,16,Tierney,DEF,Arsenal,5,139989,Tierney,DEF,5.7,35586
Pepe,,,Pepe,Pepe,Pepe,Nicolas Pépé,57e3f0c7,17,Pépé,MID,Arsenal,6.9,138306,Pépé,MID,7.4,34848
Torreira,,Torreira,Torreira,Torreira,Torreira,Lucas Torreira,52611641,18,Torreira,MID,Arsenal,4.5,242866,Torreira,MID,5,35106
Willock,Joe Willock,Joe Willock,Joe Willock,Willock,Willock,Joe Willock,a3b03921,19,Willock,MID,Newcastle United,5.5,84632,Willock,MID,5.4,36392
Nketiah,Eddie Nketiah,Eddie Nketiah,Eddie Nketiah,Eddie Nketiah,Eddie Nketiah,Eddie Nketiah,a53649b7,20,Nketiah,FWD,Arsenal,5.5,76982,Nketiah,FWD,6,36310
Smith Rowe,,,Smith-Rowe,Smith-Rowe,Smith-Rowe,Emile Smith Rowe,17695062,21,Smith Rowe,MID,Arsenal,5.7,197966,Smith Rowe,MID,6.4,36735
Saka,,Saka,Saka,Saka,Saka,Bukayo Saka,bc7dc64d,22,Saka,MID,Arsenal,6.8,106430,Saka,MID,6.9,37139
Gabriel,,,,Gabriel Magalhães,Gabriel Magalhães,Gabriel Dos Santos,67ac5bb8,23,Gabriel,DEF,Arsenal,5.4,181081,Gabriel,DEF,5.4,35783
Mavropanos,Mavropanos,Mavropanos,,Mavropanos,Mavropanos,Konstantinos Mavropanos,00963611,24,Mavropanos,DEF,Arsenal,4.5,,,,,35775
Guendouzi,,Guendouzi,Guendouzi,Guendouzi,Guendouzi,Mattéo Guendouzi,5ea8ef20,25,Guendouzi,MID,Arsenal,4.5,,,,,36264
Martinelli,,,Gabriel Martinelli,Gabriel Martinelli,Gabriel Martinelli,Martinelli,48a5a5d6,26,Martinelli,MID,Arsenal,5.3,140008,Martinelli,MID,5.6,37060
Saliba,,,,Saliba,Saliba,William Saliba,972aeb2a,27,Saliba,DEF,Arsenal,4.5,,,,,36974
Steer,,,Steer,Steer,Steer,Jed Steer,a8a3d139,28,Steer,GK,Aston Villa,3.9,131328,Steer,GK,4,33870
Hourihane,,,Hourihane,Hourihane,Hourihane,Conor Hourihane,fcab00a0,29,Hourihane,MID,Aston Villa,4.9,242867,Hourihane,MID,5,33271
Martinez,,,Martinez,Martinez,Martinez,Emiliano Martínez,7956236f,30,Martínez,GK,Aston Villa,5.5,131313,Martínez,GK,5.4,33849
Engels,,,Engels,Engels,Engels,Björn Engels,4fdf1fd9,31,Engels,DEF,Aston Villa,4.5,,,,,34592
B Traore,,,,Traore (Bertrand),Traore (Bertrand),Bertrand Traoré,c47541e0,32,Traoré,MID,Aston Villa,5.7,184648,Traore,MID,5.9,34948
Grealish,,,Grealish,Grealish,Grealish,Jack Grealish,b0b4fd3e,33,Grealish,MID,Man City,7.5,131338,Grealish,MID,7.5,34952
Sanson,,,,Sanson,Sanson,Morgan Sanson,6e7f1353,34,Sanson,MID,Aston Villa,5,202398,Sanson,MID,5,34564
McGinn,,,McGinn,McGinn,McGinn,John McGinn,90f91999,35,McGinn,MID,Aston Villa,5.6,131333,McGinn,MID,5.6,34625
Hause,,,Hause,Hause,Hause,Kortney Hause,bf8fad51,36,Hause,DEF,Aston Villa,4.4,132423,Hause,DEF,4.5,34896
Trezeguet,,,Trezeguet,Trezeguet,Trezeguet,Trézéguet,3ae14ed1,37,Trézéguet,MID,Aston Villa,5.4,137600,Trezeguet,MID,5.5,34608
Mings,Mings,Mings,Mings,Mings,Mings,Tyrone Mings,8397a50c,38,Mings,DEF,Aston Villa,5,131314,Mings,DEF,4.8,34041
Targett,Targett,Targett,Targett,Targett,Targett,Matt Targett,e514ab62,39,Targett,DEF,Newcastle United,4.7,92386,Targett,DEF,4.8,34960
Watkins,,,,Watkins,Watkins,Ollie Watkins,aed3a70f,40,Watkins,FWD,Aston Villa,7.4,183114,Watkins,FWD,7.1,35063
Nakamba,,,Nakamba,Nakamba,Nakamba,Marvelous Nakamba,de5b5570,41,Nakamba,MID,Aston Villa,4.4,138600,Nakamba,MID,4.5,34353
El Ghazi,,,El Ghazi,El Ghazi,El Ghazi,Anwar El Ghazi,ffa90327,42,El Ghazi,MID,Everton,5.6,131369,El Ghazi,MID,5.8,34822
Buendia,,,Buendía,Buendía,Buendía,Emi Buendía,66b76d44,43,Buendía,MID,Aston Villa,6.1,192735,Buendía,MID,6.3,35424
Cash,,,,Cash,Cash,Matty Cash,2389cdc2,44,Cash,DEF,Aston Villa,5.2,181873,Cash,DEF,5.1,35649
Konsa,,,Konsa Ngoyo,Konsa Ngoyo,Konsa Ngoyo,Ezri Konsa,0313a347,45,Konsa,DEF,Aston Villa,4.9,134708,Konsa ,DEF,4.6,35726
Guilbert,,,Guilbert,Guilbert,Guilbert,Frederic Guilbert,5d8d7454,46,Guilbert,DEF,Aston Villa,4.5,230253,Guilbert,DEF,4.5,34692
Wesley,,,Wesley,Wesley,Wesley,Wesley Moraes,bfae110f,47,Wesley,FWD,Aston Villa,5.4,132427,Wesley,FWD,5,35395
Samatta,,,Samatta,Samatta,Samatta,Mbwana Samatta,dae8623e,48,Samatta,FWD,Aston Villa,5.5,,,,,33961
Davis,,,Davis,Davis (Keinan),Davis (Keinan),Keinan Davis,9deaf2c8,49,Davis,FWD,Aston Villa,4.5,131340,Davis,FWD,4.5,35839
Douglas Luiz,,,Douglas Luiz,Douglas Luiz,Douglas Luiz,Douglas Luiz,6f7d826d,50,Douglas Luiz,MID,Aston Villa,4.3,137792,Luiz,MID,5,35924
J Ramsey,,,,Jacob Ramsey,Jacob Ramsey,Jacob Ramsey,1544f145,51,Ramsey,MID,Aston Villa,4.7,186002,Ramsey,MID,4.7,37039
Young,Young,Young,Young (Ashley),Young (Ashley),Young (Ashley),Ashley Young,be927d03,52,Young,DEF,Aston Villa,4.7,225290,Young,DEF,5,31237
Lallana,Lallana,Lallana,Lallana,Lallana,Lallana,Adam Lallana,99813635,53,Lallana,MID,B & H Albion,5.3,23127,Lallana,MID,5.5,32273
Steele,,,,,Steele,Jason Steele,28300a16,54,Steele,GK,B & H Albion,3.9,197282,Steele,GK,4,33103
Gross,Groß,Groß,Groß,Groß,Groß,Pascal Groß,8aec0537,55,Groß,MID,B & H Albion,5.7,45084,Groß,MID,5.8,33404
Duffy,Duffy,Duffy,Duffy (Shane),Duffy (Shane),Duffy,Shane Duffy,7314bba4,56,Duffy,DEF,B & H Albion,4,230254,Duffy,DEF,4.6,33604
Propper,Pröpper,Pröpper,Pröpper,Pröpper,Pröpper,Davy Pröpper,fdd85f94,57,Pröpper,MID,B & H Albion,4.5,,,,,33483
Burn,,,Burn,Burn,Burn,Dan Burn,b2d31e83,58,Burn,DEF,Newcastle United,4.4,92423,Burn,DEF,4.6,33733
Dunk,Dunk,Dunk,Dunk,Dunk,Dunk,Lewis Dunk,282f75f3,59,Dunk,DEF,B & H Albion,4.8,45008,Dunk,DEF,5,33563
March,Solly March,Solly March,Solly March,Solly March,March,Solly March,bb5fbd2b,60,March,MID,B & H Albion,5.3,45018,March,DEF,4.9,34535
Webster,,,Webster,Webster,Webster (Adam),Adam Webster,c40b6180,61,Webster,DEF,B & H Albion,4.3,139208,Webster,DEF,4.5,34703
Veltman,,,,Veltman,Veltman,Joël Veltman,dad4b285,62,Veltman,DEF,B & H Albion,4.2,177020,Veltman,DEF,4.3,33618
Maupay,,,Maupay,Maupay,Maupay,Neal Maupay,4bcf39f6,63,Maupay,FWD,B & H Albion,6.3,139797,Maupay,FWD,5.7,35291
Trossard,,,Trossard,Trossard,Trossard,Leandro Trossard,38ceb24a,64,Trossard,MID,B & H Albion,5.8,132424,Trossard,MID,6.4,34672
Ryan,Mat Ryan,Mat Ryan,Mat Ryan,Mat Ryan,Mat Ryan,Mathew Ryan,4535e4bb,65,Ryan,GK,B & H Albion,4.5,,,,,33702
Jahanbakhsh,,Jahanbakhsh,Jahanbakhsh,Jahanbakhsh,Jahanbakhsh,Alireza Jahanbakhsh,08452314,66,Jahanbakhsh,MID,B & H Albion,5.5,,,,,34192
B White,,,,White (Ben),White (Ben),Ben White,35e413f1,67,White,DEF,Arsenal,4.6,176641,White,DEF,5,35711
Bernardo,,Bernardo,Bernardo,Bernardo,Bernardo,Bernardo,17370b95,68,Bernardo,DEF,B & H Albion,4,,,,,34833
R Sanchez,,,,Sanchez,Sanchez,Robert Sánchez,6a713852,69,Sánchez,GK,B & H Albion,4.6,192988,Sánchez,GK,4.7,35752
Bissouma,,Bissouma,Bissouma,Bissouma,Bissouma,Yves Bissouma,6c203af0,70,Bissouma,MID,B & H Albion,4.4,90433,Bissouma,MID,4.5,35307
Lamptey,,,Lamptey,Lamptey,Lamptey,Tariq Lamptey,f4e433d4,71,Lamptey,DEF,B & H Albion,4.5,156990,Lamptey,DEF,4.6,36799
Connolly,,,Connolly,Connolly,Connolly,Aaron Connolly,27c01749,72,Connolly,FWD,B & H Albion,5.3,144449,Connolly,FWD,5,36553
Alzate,,,Alzate,Alzate,Alzate,Steven Alzate,ad1f61f3,73,Alzate,MID,B & H Albion,4.8,147612,Alzate,MID,5,36046
Mac Allister,,,Alexis Mac Allister,Mac Allister,Mac Allister,Alexis Mac Allister,83d074ff,74,Mac Allister,MID,B & H Albion,5.1,163914,Mac Allister,MID,5.6,36153
Moder,,,,Moder,Moder,Jakub Moder,f230bc30,75,Moder,MID,B & H Albion,4.5,206669,Moder,MID,5,36257
Jansson,,,,,Jansson,Pontus Jansson,172e52d8,76,Jansson,DEF,Brentford,4.4,192193,Jansson,DEF,4.5,33282
Norgaard,,,,,Norgaard,Christian Nørgaard,df0a4c90,77,Nørgaard,MID,Brentford,5,192201,Nørgaard,MID,4.5,34403
Toney,,,,,Toney,Ivan Toney,e09f279b,78,Toney,FWD,Brentford,6.9,192217,Toney,FWD,6.6,35140
Fosu,,,,,Fosu-Henry,Tariqe Fosu,3dcef539,79,Fosu,MID,Brentford,5.1,192199,Fosu,MID,5.5,35008
Raya,,,,,Raya Martin,David Raya,98ea5115,80,Raya,GK,Brentford,4.3,192208,Raya,GK,4.6,34957
Canos,,,,,Canos,Sergi Canós,1137759d,81,Canós,MID,Brentford,5.5,192212,Canós,MID,5.3,35463
Dasilva,,,,,Josh Da Silva,Josh Dasilva,60344e4f,82,Dasilva,MID,Brentford,5.3,192202,Dasilva,MID,5.5,36091
Henry,,,,,Henry,Rico Henry,8a3c1dc7,83,Henry,DEF,Brentford,4.5,192195,Henry,DEF,4.6,35619
Janelt,,,,,Janelt,Vitaly Janelt,8449d35e,84,Janelt,MID,Brentford,4.9,192211,Janelt,MID,5,35925
Ghoddos,,,,,Ghoddos,Saman Ghoddos,f7b1d4e0,85,Ghoddos,MID,Brentford,5.2,192216,Ghoddos,MID,5,34218
Jensen,,,,,Jensen,Mathias Jensen,0f134faf,86,Jensen,MID,Brentford,4.9,192210,Jensen,MID,5,35065
Goode,,,,,Goode,Charlie Goode,7aee4dd3,87,Goode,DEF,Brentford,3.9,192209,Goode,DEF,4,34914
Forss,,,,,Forss,Marcus Forss,82c215a0,88,Forss,FWD,Brentford,5.3,192218,Forss,FWD,5,36329
Roerslev,,,,,Roerslev,Mads Roerslev,57c94db2,89,Roerslev,DEF,Brentford,4.1,192204,Roerslev Rasmussen,DEF,4.4,36335
M Sorensen,,,,,Bech Sørensen,Mads Bech Sørensen,30db8574,90,Sørensen,DEF,Brentford,4.3,192205,Bech Sørensen,DEF,4.5,36167
Pinnock,,,,,Pinnock,Ethan Pinnock,e541326e,91,Pinnock,DEF,Brentford,4.4,192197,Pinnock,DEF,4.5,34118
Balcombe,,,,,Balcombe,Ellery Balcombe,e827567f,92,Balcombe,GK,Brentford,4,225291,Balcombe,GK,4,36448
Zamburek,,,,,Zamburek,Jan Žamb?rek,395880a4,93,Zamburek,MID,Brentford,4.4,202552,Zamburek,MID,4.5,36935
Gunnarsson,,,,,Gunnarsson,Patrik Gunnarsson,4d39152d,94,Gunnarsson,GK,Brentford,3.9,225292,Gunnarsson,GK,4,36845
Dervisoglu,,,,,Dervisoglu,Halil Dervi?o?lu,9d8cf204,95,Dervi?o?lu,FWD,Brentford,5.4,225293,Dervisoglu,FWD,5,36502
Mbeumo,,,,,Mbeumo,Bryan Mbeumo,6afaebf2,96,Mbeumo,MID,Brentford,5.2,192214,Mbeumo,MID,6,36379
Bidstrup,,,,,Bidstrup,Mads Bidstrup,407db0d5,97,Bidstrup,MID,Brentford,4.4,223579,Bidstrup,MID,4.5,36947
Tarkowski,Tarkowski,Tarkowski,Tarkowski,Tarkowski,Tarkowski,James Tarkowski,15ea812b,98,Tarkowski,DEF,Burnley,4.9,23287,Tarkowski,DEF,4.8,33927
Bardsley,Bardsley,Bardsley,Bardsley,Bardsley,Bardsley,Phil Bardsley,1ae30132,99,Bardsley,DEF,Burnley,3.9,23252,Bardsley,DEF,4,31226
Pieters,Pieters,,Pieters,Pieters,Pieters,Erik Pieters,1ef37668,100,Pieters,DEF,Burnley,4.1,134588,Pieters,DEF,4.6,32362
Cork,Cork,Cork,Cork,Cork,Cork,Jack Cork,74e12f1e,101,Cork,MID,Burnley,4.4,23464,Cork,MID,4.5,32684
D Stephens,Stephens (Dale),Stephens (Dale),Stephens (Dale),Stephens (Dale),Stephens (Dale),Dale Stephens,653ee42d,102,Stephens,MID,Burnley,4.4,45021,Stephens,MID,4.5,32671
K Long,Long (Kevin),Long (Kevin),Long (Kevin),Long (Kevin),Long (Kevin),Kevin Long,5a4280b1,103,Long,DEF,Burnley,4,23289,Long,DEF,4,33103
Jay Rodriguez,Rodriguez,,Rodriguez,Rodriguez,Rodriguez,Jay Rodriguez,4ab53cdb,104,Rodriguez,FWD,Burnley,5.2,134602,Rodríguez,FWD,5.3,32718
A Barnes,Barnes (Ashley),Barnes (Ashley),Barnes (Ashley),Barnes (Ashley),Barnes (Ashley),Ashley Barnes,2691c772,105,Barnes,FWD,Burnley,5.2,23290,Barnes,FWD,5.1,32811
Mee,Mee,Mee,Mee,Mee,Mee,Ben Mee,8df7a2fb,106,Mee,DEF,Burnley,4.6,23379,Mee,DEF,5.1,32774
Westwood,Westwood,Westwood,Westwood,Westwood,Westwood,Ashley Westwood,495945ef,107,Westwood,MID,Burnley,5.2,35693,Westwood,MID,5.5,32964
Gudmundsson,Gudmundsson,Gudmundsson,Gudmundsson,Gudmundsson,Gudmundsson,Jóhann Berg Guðmundsson,f72293fc,108,Gudmundsson,MID,Burnley,5.4,24079,Gudmundsson,MID,5.4,33173
Wood,Wood,Wood,Wood,Wood,Wood,Chris Wood,4e9a0555,109,Wood,FWD,Newcastle United,6.7,57345,Wood,FWD,5.9,33579
Lowton,Lowton,Lowton,Lowton,Lowton,Lowton,Matthew Lowton,9a9c05db,110,Lowton,DEF,Burnley,4.4,23376,Lowton,DEF,4.6,32668
Vydra,,Vydra,Vydra,Vydra,Vydra,Mat?j Vydra,0d4ceb32,111,Vydra,FWD,Burnley,5.2,92351,Vydra,FWD,5.4,33725
Pope,Pope,,Pope,Pope,Pope,Nick Pope,4b40d9ca,112,Pope,GK,Burnley,5.4,24087,Pope,GK,5.5,33713
Taylor,Taylor (Charlie),Taylor (Charlie),Taylor (Charlie),Taylor (Charlie),Taylor (Charlie),Charlie Taylor,cc2d7ad5,113,Taylor,DEF,Burnley,4.4,45068,Taylor,DEF,4.4,34230
Norris,,Norris,,Norris,Norris,Will Norris,c73ada83,114,Norris,GK,Burnley,4.3,221679,Norris,GK,4.5,34193
Brownhill,,,Brownhill,Brownhill,Brownhill,Josh Brownhill,47369df8,115,Brownhill,MID,Burnley,4.3,161009,Brownhill,MID,5.1,35052
Benson,,,,Benson,Benson,Josh Benson,bf3aeb61,116,Benson,MID,Burnley,4.5,,,,,36499
Peacock-Farrell,,,,Peacock-Farrell,Peacock-Farrell,Bailey Peacock-Farrell,4879f8cb,117,Peacock-Farrell,GK,Burnley,4.5,,,,,35367
McNeil,McNeil,McNeil,McNeil,McNeil,McNeil,Dwight McNeil,fc15fb84,118,McNeil,MID,Burnley,5.5,96761,McNeil,MID,5.7,36486
Azpilicueta,Azpilicueta,Azpilicueta,Azpilicueta,Azpilicueta,Azpilicueta,César Azpilicueta,53cad200,119,Azpilicueta,DEF,Chelsea,5.6,23393,Azpilicueta,DEF,5.4,32748
Giroud,Giroud,Giroud,Giroud,Giroud,Giroud,Olivier Giroud,16ceb862,120,Giroud,FWD,Chelsea,6.5,,,,,31685
T Silva,,,,Thiago Silva,Thiago Silva,Thiago Silva,86e7deaf,121,Thiago Silva,DEF,Chelsea,5.6,180322,Silva,DEF,5.4,30947
Alonso,Alonso,Alonso,Alonso,Alonso,Alonso,Marcos Alonso,f4290206,122,Alonso,DEF,Chelsea,5.6,28849,Alonso,DEF,5.5,33235
Jorginho,,Jorginho,Jorginho,Jorginho,Jorginho,Jorginho,45db685d,123,Jorginho,MID,Chelsea,5.7,88639,Jorginho,MID,5.5,33592
Barkley,Barkley,Barkley,Barkley,Barkley,Barkley,Ross Barkley,3a24769f,124,Barkley,MID,Chelsea,5.2,23058,Barkley,MID,5.5,34308
Kovacic,,Kovacic,Kovacic,Kovacic,Kovacic,Mateo Kova?i?,79c0821a,125,Kovacic,MID,Chelsea,4.9,92389,Kovacic,MID,5.1,34460
Batshuayi,Batshuayi,Batshuayi,Batshuayi,Batshuayi,Batshuayi,Michy Batshuayi,2973d8ff,126,Batshuayi,FWD,Chelsea,5.5,110931,Batshuayi,FWD,6,34244
Rudiger,Rüdiger,Rüdiger,Rüdiger,Rüdiger,Rüdiger,Antonio Rüdiger,18b896d6,127,Rüdiger,DEF,Chelsea,6.1,45074,Rüdiger,DEF,5.6,34031
Zouma,Zouma,Zouma,Zouma,Zouma,Zouma,Kurt Zouma,ce4246f5,128,Zouma,DEF,West Ham,5.4,23000,Zouma,DEF,5.2,34634
Kepa,,Kepa,Kepa,Kepa,Kepa,Kepa Arrizabalaga,28d596a0,129,Arrizabalaga,GK,Chelsea,4.5,92390,Arrizabalaga,GK,5,34610
Kante,Kanté,Kanté,Kanté,Kanté,Kanté,N'Golo Kanté,b9fbae28,130,Kanté,MID,Chelsea,4.9,23102,Kanté,MID,5.1,33326
Ziyech,,,,Ziyech,Ziyech,Hakim Ziyech,6622454d,131,Ziyech,MID,Chelsea,7.3,176631,Ziyech,MID,6.9,34047
Loftus-Cheek,Loftus-Cheek,Loftus-Cheek,Loftus-Cheek,Loftus-Cheek,Loftus-Cheek,Ruben Loftus-Cheek,e97fd090,132,Loftus-Cheek,MID,Chelsea,5.4,23394,Loftus-Cheek,MID,5.5,35087
Christensen,Christensen,Christensen,Christensen,Christensen,Christensen,Andreas Christensen,1cb49278,133,Christensen,DEF,Chelsea,4.6,45111,Christensen,DEF,5,35165
Werner,,,,Werner,Werner,Timo Werner,49fe9070,134,Werner,FWD,Chelsea,8.7,176630,Werner,FWD,8.3,35130
Chilwell,Chilwell,Chilwell,Chilwell,Chilwell,Chilwell,Ben Chilwell,d2424d1b,135,Chilwell,DEF,Chelsea,5.6,24083,Chilwell,DEF,6.4,35420
Abraham,Abraham,,Abraham,Abraham,Abraham,Tammy Abraham,f586779e,136,Abraham,FWD,Chelsea,6.5,131319,Abraham,FWD,6.5,35705
Pulisic,,,Pulisic,Pulisic,Pulisic,Christian Pulisic,1bf33a9a,137,Pulisic,MID,Chelsea,7.9,132434,Pulisic,MID,7.7,36056
Mount,,,Mount,Mount,Mount,Mason Mount,9674002f,138,Mount,MID,Chelsea,7.7,139802,Mount,MID,7.2,36170
Ampadu,Ampadu,,,Ampadu,Ampadu,Ethan Ampadu,10b9fa99,139,Ampadu,DEF,Chelsea,4.5,183040,Ampadu,DEF,4.5,36783
Hudson-Odoi,Hudson-Odoi,Hudson-Odoi,Hudson-Odoi,Hudson-Odoi,Hudson-Odoi,Callum Hudson-Odoi,15f3ec41,140,Hudson-Odoi,MID,Chelsea,5.3,69539,Hudson-Odoi,MID,5.5,36837
Havertz,,,,Havertz,Havertz,Kai Havertz,fed7cb61,141,Havertz,MID,Chelsea,7.9,182529,Havertz,MID,7.9,36322
R James,,,James (Reece),James (Reece),James (Reece),Reece James,1265a93a,142,James,DEF,Chelsea,6.4,148332,James,DEF,5.7,36502
E Mendy,,,,Mendy (Edouard),Mendy (Edouard),Edouard Mendy,33887998,143,Mendy,GK,Chelsea,6.1,185291,Mendy,GK,6,33664
Gallagher,,Gallagher,,Gallagher,Gallagher,Conor Gallagher,c2731c10,144,Gallagher,MID,Crystal Palace,6.1,184630,Gallagher,MID,6.2,36562
Gilmour,,,Gilmour,Gilmour,Gilmour,Billy Gilmour,df10e27c,145,Gilmour,MID,Norwich,4.3,144450,Gilmour,MID,4.5,37053
Guaita,,Guaita,Guaita,Guaita,Guaita,Vicente Guaita,ab13a5aa,146,Guaita,GK,Crystal Palace,4.6,88473,Guaita,GK,4.7,31787
Tomkins,Tomkins,Tomkins,Tomkins,Tomkins,Tomkins,James Tomkins,e7ca0439,147,Tomkins,DEF,Crystal Palace,4.3,23015,Tomkins,DEF,4.5,32596
McArthur,McArthur,McArthur,McArthur,McArthur,McArthur,James McArthur,cee31595,148,McArthur,MID,Crystal Palace,4.3,23028,McArthur,MID,4.5,32057
Benteke,Benteke (Christian),Benteke,Benteke,Benteke,Benteke,Christian Benteke,ab070c55,149,Benteke,FWD,Crystal Palace,5.9,23118,Benteke,FWD,5.8,33210
Kouyate,Kouyaté,Kouyaté,Kouyaté,Kouyaté,Kouyaté,Cheikhou Kouyaté,8d3c902d,150,Kouyaté,DEF,Crystal Palace,4.5,23544,Kouyaté,DEF,4.6,32863
Kelly,Kelly,Kelly,Kelly (Martin),Kelly,Kelly,Martin Kelly,d7492450,151,Kelly,DEF,Crystal Palace,3.8,23037,Kelly,DEF,4,32990
Milivojevic,Milivojevic,Milivojevic,Milivojevic,Milivojevic,Milivojevic,Luka Milivojevi?,2ce2508a,152,Milivojevic,MID,Crystal Palace,5.3,35690,Milivojevic,MID,5.5,33335
Ayew,Jordan Ayew,Jordan Ayew,Jordan Ayew,Jordan Ayew,Jordan Ayew,Jordan Ayew,da052c14,153,Ayew,FWD,Crystal Palace,5.8,35701,Ayew,FWD,5.7,33492
Zaha,Zaha,Zaha,Zaha,Zaha,Zaha,Wilfried Zaha,b2bc3b1f,154,Zaha,MID,Crystal Palace,6.8,23023,Zaha,MID,7.2,33918
Schlupp,Schlupp,Schlupp,Schlupp,Schlupp,Schlupp,Jeffrey Schlupp,3312f911,155,Schlupp,MID,Crystal Palace,5.4,23103,Schlupp,MID,5.6,33961
Butland,Butland,,,Butland,Butland,Jack Butland,cc70a1d5,156,Butland,GK,Crystal Palace,4.4,189710,Butland,GK,4.5,34038
Riedewald,Riedewald,,Riedewald,Riedewald,Riedewald,Jaïro Riedewald,7a1f2c08,157,Riedewald,MID,Crystal Palace,4.7,45097,Riedewald,MID,5,35317
Jach,,,,,Jach,Jaros?aw Jach,99246027,158,Jach,DEF,Crystal Palace,4.2,230255,Jach,DEF,4.5,34382
Mateta,,,,Mateta,Mateta,Jean-Philippe Mateta,50e6dc35,159,Mateta,FWD,Crystal Palace,5.3,201968,Mateta,FWD,5.5,35609
Eze,,,,Eze,Eze,Eberechi Eze,ae4fc6a4,160,Eze,MID,Crystal Palace,5.9,180321,Eze,MID,6,35975
N Ferguson,,,,Ferguson,Ferguson (Nathan),Nathan Ferguson,2f8d27bc,161,Ferguson,DEF,Crystal Palace,4.5,178020,Ferguson,DEF,4.5,36805
Mitchell,,,Mitchell,Mitchell,Mitchell,Tyrick Mitchell,5cbd1eb0,162,Mitchell,DEF,Crystal Palace,4.5,174861,Mitchell,DEF,4.8,36404
Delph,Delph,Delph,Delph,Delph,Delph,Fabian Delph,111c3236,163,Delph,MID,Everton,4.2,23162,Delph,MID,4.5,32833
Sigurdsson,Sigurdsson,Sigurdsson,Sigurdsson,Sigurdsson,Sigurdsson,Gylfi Sigurðsson,76dd1480,164,Sigurdsson,MID,Everton,6.7,23463,Sigurdsson,MID,7,32759
Coleman,Coleman (Seamus),Coleman (Seamus),Coleman,Coleman,Coleman,Séamus Coleman,0420d84f,165,Coleman,DEF,Everton,4.9,23059,Coleman,DEF,4.3,32427
James Rodriguez,,,,Rodríguez,Rodríguez,James Rodríguez,715bf047,166,James,MID,Everton,6.9,183044,Rodriguez,MID,7,33431
Bernard,,Bernard,Bernard,Bernard,Bernard,Bernard,ab4b3e35,167,Bernard,MID,Everton,5.5,,,,,33855
Digne,,Digne,Digne,Digne,Digne,Lucas Digne,1b84dbe1,168,Digne,DEF,Aston Villa,5,91483,Digne,DEF,5.2,34170
Keane,Keane,Keane,Keane,Keane,Keane,Michael Keane,c5b7c315,169,Keane,DEF,Everton,4.7,23378,Keane,DEF,4.7,33980
Pickford,Pickford,Pickford,Pickford,Pickford,Pickford,Jordan Pickford,4806ec67,170,Pickford,GK,Everton,4.8,23433,Pickford,GK,4.9,34400
Allan,,,,Allan,Allan,Allan,cc700722,171,Allan,MID,Everton,4.3,182530,Allan,MID,4.5,33246
Gomes,,André Gomes,André Gomes,André Gomes,André Gomes,André Gomes,1961b2aa,172,André Gomes,MID,Everton,4.9,92420,Gomes,MID,5,34180
Doucoure,Doucouré,Doucouré,Doucouré,Doucouré,Doucouré,Abdoulaye Doucouré,02b29014,173,Doucouré,MID,Everton,5.3,23492,Doucouré,MID,5.9,33970
Iwobi,Iwobi,Iwobi,Iwobi,Iwobi,Iwobi,Alex Iwobi,6ca5ec4b,174,Iwobi,MID,Everton,5.8,23326,Iwobi,MID,5.5,35188
Mina,,Mina,Mina,Mina,Mina,Yerry Mina,6d5701f2,175,Mina,DEF,Everton,4.9,92422,Mina,DEF,5,34600
T Davies,Davies (Tom),Davies (Tom),Davies (Tom),Davies (Tom),Davies (Tom),Tom Davies,9228b07c,176,Davies,MID,Everton,4.8,34400,Davies,MID,5,35976
Calvert-Lewin,Calvert-Lewin,Calvert-Lewin,Calvert-Lewin,Calvert-Lewin,Calvert-Lewin,Dominic Calvert-Lewin,59e6e5bf,177,Calvert-Lewin,FWD,Everton,7.7,40266,Calvert-Lewin,FWD,7.5,35505
Holgate,Holgate,Holgate,Holgate,Holgate,Holgate,Mason Holgate,d0042ab9,178,Holgate,DEF,Everton,4.2,131320,Holgate,DEF,4.5,35360
Godfrey,,,Godfrey,Godfrey,Godfrey,Ben Godfrey,9f7c837d,179,Godfrey,DEF,Everton,4.7,131352,Godfrey,DEF,4.5,35810
Richarlison,Richarlison,Richarlison,Richarlison,Richarlison,Richarlison,Richarlison,fa031b34,180,Richarlison,FWD,Everton,7.5,45474,Richarlison,FWD,6.9,35560
Virginia,,,,João Virgínia,João Virgínia,João Virgínia,728e9b2e,181,Virgínia,GK,Everton,4,176633,Virgínia,GK,4,36443
P Hernandez,,,,Hernández,Hernández,Pablo Hernández,c0398aca,182,Hernández,MID,Leeds United,5.5,,,,,31148
Casilla,,,,Kiko Casilla,Kiko Casilla,Kiko Casilla,58bc7d18,183,Casilla,GK,Leeds United,4.5,,,,,31687
Cooper,,,,Cooper,Cooper,Liam Cooper,dc64b8b3,184,Cooper,DEF,Leeds United,4.4,176637,Cooper,DEF,4.4,33480
Ayling,,,,Ayling,Ayling,Luke Ayling,420d7c7d,185,Ayling,DEF,Leeds United,4.3,176652,Ayling,DEF,4.3,33475
Klich,,,,Klich,Klich,Mateusz Klich,282679b4,186,Klich,MID,Leeds United,5.1,176655,Klich,MID,5.3,33037
Rodrigo,,,,Rodrigo,Rodrigo,Rodrigo,1fb1c435,187,Rodrigo,FWD,Leeds United,6.3,179153,Rodrigo,FWD,6.1,33303
Dallas,,,,Dallas,Dallas,Stuart Dallas,67ca8566,188,Dallas,MID,Leeds United,4.9,176640,Dallas,MID,5.4,33347
Bamford,,,,Bamford,Bamford,Patrick Bamford,93feac6e,189,Bamford,FWD,Leeds United,7.7,176665,Bamford,FWD,7.5,34217
Llorente,,,,Diego Llorente,Diego Llorente,Diego Llorente,bba30585,190,Llorente,DEF,Leeds United,4.5,185165,Llorente,DEF,4.3,34197
K Phillips,,,,Phillips (Kalvin),Phillips (Kalvin),Kalvin Phillips,4f565d77,191,Phillips,MID,Leeds United,4.7,176648,Phillips,MID,5,35035
Costa,,Hélder Costa,,Hélder Costa,Hélder Costa,Hélder Costa,f13d02a6,192,Costa,MID,Leeds United,5.4,176661,Costa,MID,5,34346
T Roberts,,,,Roberts (Tyler),Roberts (Tyler),Tyler Roberts,6c17e046,193,Roberts,MID,Leeds United,4.8,176664,Roberts,MID,5.1,36172
Koch,,,,Koch,Koch,Robin Koch,ea6bc03a,194,Koch,DEF,Leeds United,4.3,180456,Koch,DEF,4.3,35263
Poveda,,,,Poveda-Ocampo,Poveda-Ocampo,Ian Carlo Poveda,55b4f1d6,195,Poveda,MID,Leeds United,4.5,176666,Poveda,MID,5,36565
Raphinha,,,,Raphinha,Raphinha,Raphael Dias Belloli,3423f250,196,Raphinha,MID,Leeds United,6.4,187805,Raphinha,MID,7.5,35413
Shackleton,,,,Shackleton,Shackleton,Jamie Shackleton,8d03ca5a,197,Shackleton,MID,Leeds United,4.4,176654,Shackleton,MID,4.5,36441
Struijk,,,,Struijk,Struijk,Pascal Struijk,f4d296e4,198,Struijk,DEF,Leeds United,4.3,176643,Struijk,DEF,4.1,36383
Meslier,,,,Meslier,Meslier,Illan Meslier,6b625ac2,199,Meslier,GK,Leeds United,4.8,176642,Meslier,GK,4.9,36587
Schmeichel,Schmeichel,Schmeichel,Schmeichel,Schmeichel,Schmeichel,Kasper Schmeichel,53af52f3,200,Schmeichel,GK,Leicester City,4.9,23397,Schmeichel,GK,5,31721
Evans,Evans,Evans,Evans (Jonny),Evans,Evans,Jonny Evans,f8fcd2a5,201,Evans,DEF,Leicester City,5.4,23521,Evans,DEF,4.9,32145
Albrighton,Albrighton,Albrighton,Albrighton,Albrighton,Albrighton,Marc Albrighton,b827d5b3,202,Albrighton,MID,Leicester City,5.2,23099,Albrighton,MID,5.5,32830
N Mendy,,Mendy (Nampalys),Mendy (Nampalys),Mendy (Nampalys),Mendy (Nampalys),Nampalys Mendy,1598599e,203,Mendy,MID,Leicester City,4.3,94552,Mendy,MID,4.5,33778
D Ward,,Ward (Daniel),,Ward (Daniel),Ward (Daniel),Danny Ward,d3ce0e89,204,Ward,GK,Leicester City,4,90843,Ward,GK,4,34142
Vardy,Vardy,Vardy,Vardy,Vardy,Vardy,Jamie Vardy,45963054,205,Vardy,FWD,Leicester City,10.3,23097,Vardy,FWD,9.5,31788
Praet,,,Praet,Praet,Praet,Dennis Praet,86695068,206,Praet,MID,Leicester City,4.9,140007,Praet,MID,5,34468
R Pereira,,Ricardo Pereira,Ricardo Pereira,Ricardo Pereira,Ricardo Pereira,Ricardo Pereira,75a72a99,207,Pereira,DEF,Leicester City,5.2,88564,Pereira,DEF,5.2,34248
Amartey,Amartey,Amartey,,Amartey,Amartey,Daniel Amartey,1a4ef233,208,Amartey,DEF,Leicester City,4,23101,Amartey,DEF,4.1,34689
Castagne,,,,Castagne,Castagne,Timothy Castagne,197640fd,209,Castagne,DEF,Leicester City,5.3,182119,Castagne,DEF,4.9,35038
Tielemans,,Tielemans,Tielemans,Tielemans,Tielemans,Youri Tielemans,56f7a928,210,Tielemans,MID,Leicester City,6.4,110910,Tielemans,MID,6.4,35557
Perez,Ayoze Pérez,Ayoze Pérez,Ayoze Pérez,Ayoze Pérez,Ayoze Pérez,Ayoze Pérez,819aa8e7,211,Pérez,MID,Leicester City,5.7,45069,Pérez,MID,6,34173
Maddison,,Maddison,Maddison,Maddison,Maddison,James Maddison,ee38d9c5,212,Maddison,MID,Leicester City,7,88492,Maddison,MID,7,35392
Iheanacho,Iheanacho,Iheanacho,Iheanacho,Iheanacho,Iheanacho,Kelechi Iheanacho,c92e1a31,213,Iheanacho,FWD,Leicester City,7,23170,Iheanacho,FWD,7.2,35341
Choudhury,Choudhury,Choudhury,Choudhury,Choudhury,Choudhury,Hamza Choudhury,7d2d3329,214,Choudhury,MID,Leicester City,4.4,68289,Choudhury,MID,4.5,35704
H Barnes,Barnes (Harvey),Barnes (Harvey),Barnes (Harvey),Barnes (Harvey),Barnes (Harvey),Harvey Barnes,3ea50f67,215,Barnes,MID,Leicester City,6.6,45039,Barnes,MID,7.2,35773
Ndidi,Ndidi,Ndidi,Ndidi,Ndidi,Ndidi,Wilfred Ndidi,6b47c5db,216,Ndidi,MID,Leicester City,4.8,33589,Ndidi,MID,5,35415
Soyuncu,,Söyüncü,Söyüncü,Söyüncü,Söyüncü,Ça?lar Söyüncü,21166ff4,217,Söyüncü,DEF,Leicester City,4.9,92428,Soyuncu,DEF,4.4,35208
Justin,,,Justin,Justin,Justin,James Justin,fb614c44,218,Justin,DEF,Leicester City,4.9,137292,Justin,DEF,4.9,35849
L Thomas,,,Thomas (Luke),Thomas (Luke),Thomas (Luke),Luke Thomas,fc027d02,219,Thomas,DEF,Leicester City,4.3,175378,Thomas,DEF,4.5,37052
Fofana,,,,Fofana,Fofana,Wesley Fofana,132a82f1,220,Fofana,DEF,Leicester City,4.3,186823,Fofana,DEF,4.5,36877
Milner,Milner,Milner,Milner,Milner,Milner,James Milner,2f90f6b8,221,Milner,MID,Liverpool,4.9,23117,Milner,MID,5,31416
J Henderson,Henderson (Jordan),Henderson,Henderson (Jordan),Henderson (Jordan),Henderson (Jordan),Jordan Henderson,935e6b8f,222,Henderson,MID,Liverpool,4.9,23121,Henderson,MID,5.1,33041
Adrian,Adrián,,Adrián,Adrián,Adrián,Adrián,f76e6b4e,223,Adrián,GK,Liverpool,4.3,23273,Adrián,GK,4.5,31780
Matip,Matip,Matip,Matip,Matip,Matip,Joël Matip,b217ef29,224,Matip,DEF,Liverpool,5.1,23135,Matip,DEF,5.9,33458
Thiago,,,,Thiago Alcántara,Thiago Alcántara,Thiago Alcántara,77e84962,225,Thiago,MID,Liverpool,5.3,184638,Thiago,MID,5.5,33339
Shaqiri,Shaqiri,Shaqiri,Shaqiri,Shaqiri,Shaqiri,Xherdan Shaqiri,6421ec64,226,Shaqiri,MID,Liverpool,5.9,23415,Shaqiri,MID,5.5,33521
Chamberlain,Oxlade-Chamberlain,Oxlade-Chamberlain,Oxlade-Chamberlain,Oxlade-Chamberlain,Oxlade-Chamberlain,Alex Oxlade-Chamberlain,38c7feef,227,Chamberlain,MID,Liverpool,5.8,23325,Oxlade-Chamberlain,MID,5.6,34196
Firmino,Firmino,Firmino,Firmino,Firmino,Firmino,Roberto Firmino,4c370d81,228,Firmino,FWD,Liverpool,8.7,23119,Firmino,FWD,7.3,33513
van Dijk,van Dijk,van Dijk,van Dijk,van Dijk,van Dijk,Virgil van Dijk,e06683ca,229,van Dijk,DEF,Liverpool,6.8,23238,Dijk,DEF,6.9,33427
Mane,Mane,Mane,Mane,Mane,Mane,Sadio Mané,c691bfe2,230,Mané,MID,Liverpool,11.7,23126,Mané,MID,10.6,33704
Alisson,,Alisson,Alisson,Alisson,Alisson,Alisson,7a2e46a8,231,Alisson,GK,Liverpool,6,90826,Alisson,GK,6.6,33879
Fabinho,,Fabinho,Fabinho,Fabinho,Fabinho,Fabinho,7f3b388c,232,Fabinho,MID,Liverpool,5.4,88550,Fabinho,MID,5.4,34265
Salah,Salah,Salah,Salah,Salah,Salah,Mohamed Salah,e342ad68,233,Salah,MID,Liverpool,13.3,45106,Salah,MID,13.6,33770
Robertson,Robertson,Robertson,Robertson,Robertson,Robertson,Andrew Robertson,2e4f5f03,234,Robertson,DEF,Liverpool,7.3,45120,Robertson,DEF,8,34404
Origi,Origi,Origi,Origi,Origi,Origi,Divock Origi,43a166b4,235,Origi,FWD,Liverpool,4.8,102349,Origi,FWD,5,34807
Minamino,,,Minamino,Minamino,Minamino,Takumi Minamino,f833a830,236,Minamino,MID,Liverpool,5.1,157062,Minamino,MID,5.4,34715
Trent,Alexander-Arnold,Alexander-Arnold,Alexander-Arnold,Alexander-Arnold,Alexander-Arnold,Trent Alexander-Arnold,cd1acf9d,237,Alexander-Arnold,DEF,Liverpool,8.4,28906,Alexander-Arnold,DEF,8.4,36075
Gomez,Gomez,Gomez,Gomez,Gomez,Gomez,Joe Gomez,7a11550b,238,Gomez,DEF,Liverpool,4.7,23120,Gomez,DEF,5,35573
Keita,,Keita,Keita,Keita,Keita,Naby Keïta,f25c8e3a,239,Keita,MID,Liverpool,5,88518,Keita,MID,5.1,34740
Jota,,Diogo Jota,Diogo Jota,Diogo Jota,Diogo Jota,Diogo Jota,178ae8f8,240,Jota,MID,Liverpool,8.3,88567,Jota,MID,7.9,35403
N Phillips,,,,Phillips (Nathaniel),Phillips (Nathaniel),Nathaniel Phillips,515ebe8d,241,Phillips,DEF,Liverpool,4.2,192967,Phillips,DEF,4.5,35510
Kelleher,,,,Kelleher,Kelleher,Caoimhín Kelleher,62d7ef38,242,Kelleher,GK,Liverpool,4.3,140028,Kelleher,GK,4.5,36122
Konate,,,,,Konaté,Ibrahima Konaté,5ed9b537,243,Konaté,DEF,Liverpool,5.1,225319,Konate,DEF,5.5,36305
C Jones,,,Jones (Curtis),Jones (Curtis),Jones (Curtis),Curtis Jones,4fb9c88f,244,Jones,MID,Liverpool,5,154682,Jones,MID,4.6,36921
Tsimikas,,,,Tsimikas,Tsimikas,Kostas Tsimikas,f315ca93,245,Tsimikas,DEF,Liverpool,3.7,178132,Tsimikas,DEF,4.4,35197
N Williams,,,Williams (Neco),Williams (Neco),Williams (Neco),Neco Williams,dd323728,246,N.Williams,DEF,Liverpool,3.8,156926,Williams,DEF,4,36994
R Williams,,,,Rhys Williams,Rhys Williams,Rhys Williams,012c975a,247,R.Williams,DEF,Liverpool,4.4,192955,Williams,DEF,4.5,36925
Ben K Davies,,,,Davies (Ben Keith),Davies (Ben Keith),Ben Keith Davies,c9009a1f,248,Davies,DEF,Liverpool,4,203019,Davies,DEF,4,34922
Walker,Walker,Walker,Walker,Walker (Kyle),Walker (Kyle),Kyle Walker,86dd77d1,249,Walker,DEF,Man City,5.4,23260,Walker,DEF,5.6,33021
Gundogan,Gündogan,Gündogan,Gündogan,Gündogan,Gündogan,?lkay Gündo?an,819b3158,250,Gündogan,MID,Man City,7.1,23160,Gündogan,MID,7.4,33170
De Bruyne,De Bruyne,De Bruyne,De Bruyne,De Bruyne,De Bruyne,Kevin De Bruyne,e46012d4,251,De Bruyne,MID,Man City,11.9,23161,De Bruyne,MID,11.5,33417
Stones,Stones,Stones,Stones,Stones,Stones,John Stones,5eecec3d,252,Stones,DEF,Man City,5.2,23044,Stones,DEF,5.8,34482
B Mendy,Mendy (Benjamin),Mendy (Benjamin),Mendy (Benjamin),Mendy (Benjamin),Mendy (Benjamin),Benjamin Mendy,5271c8f1,253,Mendy,DEF,Man City,5.2,45043,Mendy,DEF,5,34532
Mahrez,Mahrez,Mahrez,Mahrez,Mahrez,Mahrez,Riyad Mahrez,892d5bb1,254,Mahrez,MID,Man City,8.6,23109,Mahrez,MID,8.7,33290
Sterling,Sterling (Raheem),Sterling (Raheem),Sterling (Raheem),Sterling,Sterling (Raheem),Raheem Sterling,b400bde0,255,Sterling,MID,Man City,10.5,23153,Sterling,MID,9.6,34676
Cancelo,,,João Cancelo,João Cancelo,João Cancelo,João Cancelo,bd6351cd,256,Cancelo,DEF,Man City,7.1,139835,Cancelo,DEF,7,34481
Ederson,Ederson,Ederson,Ederson,Ederson,Ederson,Ederson,3bb7b8b4,257,Ederson,GK,Man City,6.1,45113,Ederson,GK,6.3,34198
Ake,Aké,Aké,Aké,Aké,Aké,Nathan Aké,eaeca114,258,Aké,DEF,Man City,4.7,23346,Aké,DEF,5,34748
Laporte,Laporte,Laporte,Laporte,Laporte,Laporte,Aymeric Laporte,119b9a8e,259,Laporte,DEF,Man City,6,77347,Laporte,DEF,6.2,34481
Steffen,,,,Steffen,Steffen,Zack Steffen,42130443,260,Steffen,GK,Man City,4.4,193308,Steffen,GK,4.5,34791
B Silva,Bernardo Silva,Bernardo Silva,Bernardo Silva,Bernardo Silva,Bernardo Silva,Bernardo Silva,3eb22ec9,261,Bernardo,MID,Man City,7,45081,Silva,MID,7.3,34556
Dias,,,,Rúben Dias,Rúben Dias,Rúben Dias,31c69ef1,262,Dias,DEF,Man City,6.1,186737,Dias,DEF,6.3,35564
Jesus,Jesus,Jesus,Jesus,Jesus,Jesus,Gabriel Jesus,b66315ae,263,Jesus,FWD,Man City,8.5,32986,Jesus,FWD,8.5,35523
Zinchenko,Zinchenko,Zinchenko,Zinchenko,Zinchenko,Zinchenko,Oleksandr Zinchenko,51cf8561,264,Zinchenko,DEF,Man City,5.3,23148,Zinchenko,DEF,5.5,35414
Foden,Foden,Foden,Foden,Foden,Foden,Phil Foden,ed1e53f3,265,Foden,MID,Man City,7.8,55898,Foden,MID,8.1,36674
Rodri,,,Rodri,Rodri,Rodri,Rodri,6434f10d,266,Rodrigo,MID,Man City,5.5,132974,Rodrigo,MID,5,35238
Harrison,,,,Harrison,Harrison,Jack Harrison,aa849a12,267,Harrison,MID,Leeds United,5.5,176658,Harrison,MID,6.1,35389
Torres,,,,Torres,Torres,Ferrán Torres,9e1035f8,268,Torres,MID,Man City,6.7,177441,Torres,MID,7.1,36585
Cavani,,,,Cavani,Cavani,Edinson Cavani,527f063d,269,Cavani,FWD,Man United,8.4,187803,Cavani,FWD,7.6,31822
de Gea,de Gea,De Gea,De Gea,De Gea,De Gea,David de Gea,7ba6d84e,270,de Gea,GK,Man United,5.1,23173,de Gea,GK,5.1,33184
Matic,Matic,Matic,Matic,Matic,Matic,Nemanja Mati?,eb7822d7,271,Matic,MID,Man United,4.3,23008,Matic,MID,5,32356
Pogba,Pogba,Pogba,Pogba,Pogba,Pogba,Paul Pogba,867239d3,272,Pogba,MID,Man United,7.4,24380,Pogba,MID,6.6,34043
Maguire,Maguire,Maguire,Maguire,Maguire (Harry),Maguire,Harry Maguire,d8931174,273,Maguire,DEF,Man United,5.4,23076,Maguire,DEF,5,34033
Fred,,Fred,Fred,Fred,Fred,Fred,b853e0ad,274,Fred,MID,Man United,4.9,88532,Fred,MID,5.1,34033
Shaw,Shaw,Shaw,Shaw,Shaw,Shaw,Luke Shaw,9c94165b,275,Shaw,DEF,Man United,5,23188,Shaw,DEF,5.4,34892
Lingard,Lingard,Lingard,Lingard,Lingard,Lingard,Jesse Lingard,810e3c74,276,Lingard,MID,Man United,6.7,23192,Lingard,MID,6.4,33953
Fernandes,,,Bruno Fernandes,Bruno Fernandes,Bruno Fernandes,Bruno Fernandes,507c7bdf,277,Fernandes,MID,Man United,11.6,160701,Fernandes,MID,11.4,34585
Martial,Martial,Martial,Martial,Martial,Martial,Anthony Martial,8b788c01,278,Martial,FWD,Man United,7.6,23178,Martial,FWD,7.8,35038
Telles,,,,Alex Telles,Alex Telles,Alex Telles,e73c9bb2,279,Telles,DEF,Man United,5.1,187802,Telles,DEF,5.1,33953
D Henderson,,,Henderson (Dean),Henderson (Dean),Henderson (Dean),Dean Henderson,e5a76dfe,280,Henderson,GK,Man United,4.7,137863,Henderson,GK,5,35501
Rashford,Rashford,Rashford,Rashford,Rashford,Rashford,Marcus Rashford,a1d5bd30,281,Rashford,MID,Man United,9.4,23194,Rashford,MID,8,35734
van de Beek,,,,van de Beek,van de Beek,Donny van de Beek,50dc94ce,282,van de Beek,MID,Everton,5.7,181309,van de Beek,MID,5.8,35538
Tuanzebe,Tuanzebe,,Tuanzebe,Tuanzebe,Tuanzebe,Axel Tuanzebe,2baec6ce,283,Tuanzebe,DEF,Man United,4.4,131317,Tuanzebe,DEF,4.5,35748
Lindelof,Lindelof,Lindelof,Lindelof,Lindelof,Lindelof,Victor Lindelöf,f5deef4c,284,Lindelöf,DEF,Man United,4.8,45053,Lindelöf,DEF,4.8,34532
McTominay,McTominay,McTominay,McTominay,McTominay,McTominay,Scott McTominay,d93c2511,285,McTominay,MID,Man United,5.4,40951,McTominay,MID,5.5,35407
Bailly,Bailly,Bailly,Bailly,Bailly,Bailly,Eric Bailly,a1232f4e,286,Bailly,DEF,Man United,4.9,23171,Bailly,DEF,5,34436
D James,,,James (Daniel),James (Daniel),James (Daniel),Daniel James,c931d9f9,287,James,MID,Leeds United,6,132426,James,MID,6,35744
Wan-Bissaka,Wan-Bissaka,Wan-Bissaka,Wan-Bissaka,Wan-Bissaka,Wan-Bissaka,Aaron Wan-Bissaka,9e525177,288,Wan-Bissaka,DEF,Man United,5.1,32948,Wan-Bissaka,DEF,5.3,35760
M Greenwood,,Greenwood,Greenwood,Greenwood (Mason),Greenwood (Mason),Mason Greenwood,58eee997,289,Greenwood,MID,Man United,7.1,115171,Greenwood,MID,7.2,37165
B Williams,,,Williams (Brandon),Williams (Brandon),Williams (Brandon),Brandon Williams,5e74d6c8,290,Williams,DEF,Norwich,3.9,150363,Williams,DEF,4.2,36772
Shelvey,Shelvey,Shelvey,Shelvey,Shelvey,Shelvey,Jonjo Shelvey,3727dd3c,291,Shelvey,MID,Newcastle United,5.3,45042,Shelvey,MID,6,33661
Ritchie,Ritchie,Ritchie,Ritchie,Ritchie,Ritchie,Matt Ritchie,71ef519e,292,Ritchie,DEF,Newcastle United,4.9,45117,Ritchie,DEF,4.2,32761
Clark,Clark,Clark,Clark (Ciaran),Clark,Clark,Ciaran Clark,2b91cf8e,293,Clark,DEF,Newcastle United,4.4,45099,Clark,DEF,4.4,32777
Darlow,Darlow,,,Darlow,Darlow,Karl Darlow,cde3309f,294,Darlow,GK,Newcastle United,4.5,45019,Darlow,GK,4.5,33154
Dubravka,Dubravka,Dubravka,Dubravka,Dubravka,Dubravka,Martin Dúbravka,3a949a25,295,Dubravka,GK,Newcastle United,4.5,77662,Dubravka,GK,4.8,32523
Wilson,C Wilson,C Wilson,C Wilson,C Wilson,C Wilson,Callum Wilson,c596fcb0,296,Wilson,FWD,Newcastle United,7.1,23360,Wilson,FWD,7.6,33661
Hendrick,Hendrick,Hendrick,Hendrick,Hendrick,Hendrick,Jeff Hendrick,989d5705,297,Hendrick,MID,Newcastle United,4.8,179115,Hendrick,MID,5,33634
Fraser,Fraser,Fraser,Fraser,Fraser,Fraser,Ryan Fraser,d56543a0,298,Fraser,MID,Newcastle United,5.2,183010,Fraser,MID,5.8,34389
Lascelles,Lascelles,Lascelles,Lascelles,Lascelles,Lascelles,Jamaal Lascelles,450ab6fc,299,Lascelles,DEF,Newcastle United,4.4,45072,Lascelles,DEF,4.3,34284
Gayle,Gayle,,Gayle,Gayle,Gayle,Dwight Gayle,e58a03c6,300,Gayle,FWD,Newcastle United,5.2,131312,Gayle,FWD,6,33163
Dummett,Dummett,Dummett,Dummett,Dummett,Dummett,Paul Dummett,3fe6bd8c,301,Dummett,DEF,Newcastle United,4.5,45114,Dummett,DEF,4.5,33507
Manquillo,Manquillo,Manquillo,Manquillo,Manquillo,Manquillo,Javier Manquillo,758dd7f0,302,Manquillo,DEF,Newcastle United,3.9,25865,Manquillo,DEF,4,34459
Krafth,,,Krafth,Krafth,Krafth,Emil Krafth,77cf6852,303,Krafth,DEF,Newcastle United,4.3,139838,Krafth,DEF,4.6,34548
Murphy,Jacob Murphy,Jacob Murphy,,Jacob Murphy,Jacob Murphy,Jacob Murphy,de112b84,304,Murphy,MID,Newcastle United,4.7,185623,Murphy,MID,5,34754
Schar,,Schär,Schär,Schär,Schär,Fabian Schär,c8aa95da,305,Schär,DEF,Newcastle United,4.4,91161,Schar,DEF,4.8,33592
I Hayden,Hayden,Hayden,Hayden (Isaac),Hayden (Isaac),Hayden (Isaac),Isaac Hayden,c951a6df,306,Hayden,MID,Newcastle United,4.5,45098,Hayden,MID,5,34780
Saint-Maximin,,,Saint-Maximin,Saint-Maximin,Saint-Maximin,Allan Saint-Maximin,2b16cb1a,307,Saint-Maximin,FWD,Newcastle United,6.8,139204,Saint-Maximin,MID,6.8,35501
Almiron,,Almirón,Almirón,Almirón,Almirón,Miguel Almirón,862a1c15,308,Almirón,MID,Newcastle United,5,110898,Almirón,MID,5.5,34375
S Longstaff,,Longstaff,Longstaff (Sean),Longstaff (Sean),Longstaff (Sean),Sean Longstaff,a2b105e0,309,S.Longstaff,MID,Newcastle United,4.3,95817,Longstaff,MID,5,35733
Joelinton,,,Joelinton,Joelinton,Joelinton,Joelinton,c17bfb65,310,Joelinton,FWD,Newcastle United,5.8,137599,Joelinton,FWD,5.7,35291
J Lewis,,,Lewis (Jamal),Lewis (Jamal),Lewis (Jamal),Jamal Lewis,efb9215a,311,Lewis,DEF,Newcastle United,4.2,131350,Lewis,DEF,4.5,35820
M Longstaff,,,Longstaff (Matthew),Longstaff (Matthew),Longstaff (Matthew),Matthew Longstaff,c0027d2d,312,M.Longstaff,MID,Newcastle United,4.5,149083,Longstaff,MID,5,36606
McGovern,,,McGovern,McGovern,McGovern,Michael McGovern,51a19d04,313,McGovern,GK,Norwich,3.9,192713,McGovern,GK,4,30875
Krul,,,Krul,Krul,Krul,Tim Krul,f23f9d20,314,Krul,GK,Norwich,4.5,192741,Krul,GK,4.6,32236
Pukki,,,Pukki,Pukki,Pukki,Teemu Pukki,0745b37d,315,Pukki,FWD,Norwich,6,192758,Pukki,FWD,6.2,32961
Stiepermann,,,Stiepermann,Stiepermann,Stiepermann,Marco Stiepermann,b606638c,316,Stiepermann,MID,Norwich,5,,,,,33278
Rupp,,,Rupp,Rupp,Rupp,Lukas Rupp,3faa1780,317,Rupp,MID,Norwich,4.4,192736,Rupp,MID,4.5,33246
McLean,,,Kenny McLean,Kenny McLean,Kenny McLean,Kenny McLean,471f16b3,318,McLean,MID,Norwich,4.9,192747,McLean,MID,5,33611
Hanley,,,Hanley,Hanley,Hanley,Grant Hanley,e9254eec,319,Hanley,DEF,Norwich,4.4,192743,Hanley,DEF,4.4,33562
O Hernandez,,,Hernández (Onel),,Hernandez,Onel Hernández,007b39a5,320,Hernández,MID,Norwich,4.9,192751,Hernández,MID,4.5,34001
Byram,Byram,,Byram,Byram,Byram,Sam Byram,1bf811d4,321,Byram,DEF,Norwich,4.4,192718,Byram,DEF,4.5,34228
Hugill,Hugill,,,Hugill,Hugill,Jordan Hugill,a36d4785,322,Hugill,FWD,Norwich,5.4,192739,Hugill,FWD,5,33759
Dowell,,,,,Dowell,Kieran Dowell,2f6ec02a,323,Dowell,MID,Norwich,5.1,192730,Dowell,MID,5,35713
Zimmermann,,,Zimmermann,Zimmermann,Zimmermann,Christoph Zimmermann,2d5f03bf,324,Zimmermann,DEF,Norwich,4.4,192734,Zimmermann,DEF,4.4,33981
Cantwell,,,Cantwell,Cantwell,Cantwell,Todd Cantwell,f63d8a4b,325,Cantwell,MID,Norwich,5.3,192728,Cantwell,MID,5.4,35853
Aarons,,,Aarons (Maximillian),Aarons (Maximillian),Aarons,Max Aarons,774cf58b,326,Aarons,DEF,Norwich,4.3,192745,Aarons,DEF,4.2,36529
J Sorensen,,,,,Sørensen,Jakob Sørensen,953c30b0,327,Sørensen,DEF,Norwich,4.3,192749,Sørensen,DEF,4.5,35857
Placheta,,,,,Placheta,Przemys?aw P?acheta,3c33f9d9,328,Placheta,MID,Norwich,4.7,192753,P?acheta,MID,4.5,35877
Idah,,,Idah,Idah,Idah,Adam Idah,291e3ec3,329,Idah,FWD,Norwich,4.9,192765,Idah,FWD,5.2,36961
J Martin,,,,,J Martin,Josh Martin,3f072a68,330,Martin,MID,Norwich,5,,,,,37143
Omobamidele,,,,,Omobamidele,Andrew Omobamidele,c393a6c4,331,Omobamidele,DEF,Norwich,3.9,192723,Omobamidele,DEF,4,37430
Walcott,Walcott,Walcott,Walcott,Walcott,Walcott,Theo Walcott,1ecb65be,332,Walcott,MID,Southampton,5.8,23324,Walcott,MID,5.9,32583
Forster,Forster,Forster,,Forster,Forster,Fraser Forster,c3e39f12,333,Forster,GK,Southampton,4.4,178022,Forster,GK,4.6,32219
McCarthy,McCarthy (Alex),McCarthy (Alex),McCarthy (Alex),McCarthy (Alex),McCarthy (Alex),Alex McCarthy,36c2ca73,334,McCarthy,GK,Southampton,4.3,23024,McCarthy,GK,4.7,32845
Romeu,Romeu,Romeu,Romeu,Romeu,Romeu,Oriol Romeu,4b511457,335,Romeu,MID,Southampton,4.5,23236,Romeu,MID,4.5,33505
Redmond,Redmond,Redmond,Redmond,Redmond,Redmond,Nathan Redmond,ab651565,336,Redmond,MID,Southampton,5.9,23226,Redmond,MID,6,34399
Ings,Ings,Ings,Ings,Ings,Ings,Danny Ings,07802f7f,337,Ings,FWD,Aston Villa,7.7,23134,Ings,FWD,7.5,33808
J Stephens,Stephens (Jack),Stephens (Jack),Stephens (Jack),Stephens (Jack),Stephens (Jack),Jack Stephens,6adbc307,338,Stephens,DEF,Southampton,4.4,23242,Stephens,DEF,4.5,34361
S Armstrong,,Armstrong (Stuart),Armstrong,Armstrong,S Armstrong,Stuart Armstrong,97333cf5,339,S.Armstrong,MID,Southampton,5.8,88507,Armstrong,MID,5.7,33693
Vestergaard,,Vestergaard,Vestergaard,Vestergaard,Vestergaard,Jannik Vestergaard,1900032e,340,Vestergaard,DEF,Leicester City,4.7,88625,Vestergaard,DEF,4.9,33819
Ward-Prowse,Ward-Prowse,Ward-Prowse,Ward-Prowse,Ward-Prowse,Ward-Prowse,James Ward-Prowse,3515d404,341,Ward-Prowse,MID,Southampton,6.4,23404,Ward-Prowse,MID,6.8,34639
Walker-Peters,Walker-Peters,Walker-Peters,Walker-Peters,Walker-Peters,Walker-Peters,Kyle Walker-Peters,984a5a64,342,Walker-Peters,DEF,Southampton,4.8,46637,Walker-Peters,DEF,4.8,35533
Bednarek,Bednarek,Bednarek,Bednarek,Bednarek,Bednarek,Jan Bednarek,4115ce4e,343,Bednarek,DEF,Southampton,4.4,45003,Bednarek,DEF,4.2,35167
Nlundulu,,,,N'Lundulu,N'Lundulu,Dan Nlundulu,30040f5d,344,Nlundulu,FWD,Southampton,4.5,,,,,36196
Adams,,,Adams,Adams,Adams,Che Adams,f2bf1b0f,345,Adams,FWD,Southampton,6.7,132437,Adams,FWD,6.9,35259
Tella,,,Tella,Tella,Tella,Nathan Tella,f1e94cd6,346,Tella,MID,Southampton,4.7,184926,Tella,MID,5,36346
Smallbone,,,Smallbone,Smallbone,Smallbone,William Smallbone,5e105217,347,Smallbone,MID,Southampton,4.5,162785,Smallbone,MID,4.5,36577
Obafemi,Obafemi,Obafemi,Obafemi,Obafemi,Obafemi,Michael Obafemi,caa1a7f0,348,Obafemi,FWD,Southampton,4.5,77174,Obafemi,FWD,4.5,36713
I Diallo,,,,Diallo,Diallo,Ibrahima Diallo,11ff3d56,349,Diallo,MID,Southampton,4.5,187324,Diallo,MID,4.3,36227
Djenepo,,,Djenepo,Djenepo,Djenepo,Moussa Djenepo,254147d4,350,Djenepo,MID,Southampton,5.2,132429,Djenepo,MID,5.9,35961
Salisu,,,,Salisu,Salisu,Mohammed Salisu,0b33f6ad,351,Salisu,DEF,Southampton,4.5,178201,Salisu,DEF,4.4,36267
Hart,Hart,Hart,,Hart,Hart,Joe Hart,cb4f24c6,352,Hart,GK,Tottenham,4.5,,,,,31886
Lloris,Lloris,Lloris,Lloris,Lloris,Lloris,Hugo Lloris,8f62b6ee,353,Lloris,GK,Tottenham,5.4,23259,Lloris,GK,5.6,31772
Sissoko,Sissoko,Sissoko,Sissoko,Sissoko,Sissoko,Moussa Sissoko,2acd49b9,354,Sissoko,MID,Watford,4.4,28842,Sissoko,MID,4.5,32736
Alderweireld,Alderweireld,Alderweireld,Alderweireld,Alderweireld,Alderweireld,Toby Alderweireld,f7d50789,355,Alderweireld,DEF,Tottenham,5,,,,,32569
Lamela,Lamela,Lamela,Lamela,Lamela,Lamela,Érik Lamela,abe66106,356,Lamela,MID,Tottenham,6,,,,,33667
Kane,Kane,Kane (Harry),Kane (Harry),Kane,Kane,Harry Kane,21a66f6a,357,Kane,FWD,Tottenham,12.5,23474,Kane,FWD,11.8,34178
Aurier,Aurier,Aurier,Aurier,Aurier,Aurier,Serge Aurier,5c2b4f07,358,Aurier,DEF,Tottenham,4.9,58927,Aurier,DEF,5,33962
Son,Son,Son,Son,Son,Son,Son Heung-min,92e7e919,359,Son,MID,Tottenham,11,23472,Son,MID,10.5,33793
Doherty,,Doherty,Doherty,Doherty,Doherty,Matt Doherty,d557d734,360,Doherty,DEF,Tottenham,4.6,88464,Doherty,DEF,5.2,33619
Dier,Dier,Dier,Dier,Dier,Dier,Eric Dier,ac861941,361,Dier,DEF,Tottenham,4.6,23479,Dier,DEF,4.8,34349
Lucas Moura,Lucas Moura,Lucas Moura,Lucas Moura,Lucas Moura,Lucas Moura,Lucas Moura,2b622f01,362,Lucas Moura,MID,Tottenham,5.9,77665,Moura,MID,6.3,33829
Alli,Alli,Alli,Alli,Alli,Alli,Dele Alli,cea4ee8f,363,Dele,MID,Everton,6.2,23482,Alli,MID,6.1,35166
Ben T Davies,Davies (Ben),Davies (Ben),Davies (Ben),Davies (Ben),Ben Davies,Ben Davies,44781702,364,Davies,DEF,Tottenham,4.4,23490,Davies,DEF,4.8,34083
Hojbjerg,Højbjerg,Højbjerg,Højbjerg,Højbjerg,Højbjerg,Pierre Højbjerg,8b04d6c1,365,Højbjerg,MID,Tottenham,4.8,24092,Höjbjerg,MID,5.1,34916
Winks,Winks,Winks,Winks,Winks,Winks,Harry Winks,2f7acede,366,Winks,MID,Tottenham,4.4,25871,Winks,MID,4.5,35097
D Sanchez,DSanchez,DSanchez,DSanchez,DSanchez,D Sanchez,Davinson Sánchez,da7b447d,367,Sánchez,DEF,Tottenham,4.2,56987,Sánchez,DEF,4.6,35228
Sessegnon,,Ryan Sessegnon,Ryan Sessegnon,Ryan Sessegnon,Ryan Sessegnon,Ryan Sessegnon,6aa3e78b,368,Sessegnon,DEF,Tottenham,4.3,225296,Sessegnon,DEF,4.6,36664
Bergwijn,,,Bergwijn,Bergwijn,Bergwijn,Steven Bergwijn,a29b1131,369,Bergwijn,MID,Tottenham,5.9,160697,Bergwijn,MID,5.9,35711
Reguilon,,,,Reguilón,Reguilón,Sergio Reguilón,3353737a,370,Reguilón,DEF,Tottenham,5.1,184661,Reguilon,DEF,5.3,35415
Tanganga,,,Tanganga,Tanganga,Tanganga,Japhet Tanganga,e9971f2d,371,Tanganga,DEF,Tottenham,4.2,157546,Tanganga,DEF,4.6,36250
Lo Celso,,,Lo Celso,Lo Celso,Lo Celso,Giovani Lo Celso,d7553721,372,Lo Celso,MID,Tottenham,5.9,139997,Lo Celso,MID,5.7,35164
Skipp,,Skipp,Skipp,Skipp,Skipp,Oliver Skipp,6250083a,373,Skipp,MID,Tottenham,4.4,192744,Skipp,MID,4.5,36785
Rodon,,,,Rodon,Rodon,Joe Rodon,8d62d31a,374,Rodon,DEF,Tottenham,4.2,189708,Rodon,DEF,4.5,35725
Ndombele,,,NDombele,NDombele,NDombele,Tanguy Ndombele,5cdddffa,375,Ndombele,MID,Tottenham,5.7,132450,Ndombélé,MID,6,35427
Foster,Foster,Foster,Foster,Foster,Foster,Ben Foster,d0b3ceb9,376,Foster,GK,Watford,4.1,23517,Foster,GK,4.2,30409
Rose,Rose (Danny),Rose,Rose,Rose,Rose,Danny Rose,89d10e53,377,Rose,DEF,Watford,4.2,225302,Rose,DEF,4.4,33056
Gosling,Gosling,Gosling,Gosling,Gosling,Gosling,Dan Gosling,7fec31a0,378,Gosling,MID,Watford,4.7,23353,Gosling,MID,4.5,32905
Cathcart,Cathcart,Cathcart,Cathcart,Cathcart,Cathcart,Craig Cathcart,89e4b358,379,Cathcart,DEF,Watford,4.2,23503,Cathcart,DEF,4.1,32545
Deeney,Deeney,Deeney,Deeney,Deeney,Deeney,Troy Deeney,82e34b69,380,Deeney,FWD,Watford,5.4,23498,Deeney,FWD,5.5,32323
Cleverley,Cleverley,Cleverley,Cleverley,Cleverley,Cleverley,Tom Cleverley,6cdd8245,381,Cleverley,MID,Watford,4.8,23053,Cleverley,MID,5,32732
Femenia,Femenía,Femenía,Femenía,Femenía,Femenía,Kiko Femenía,e5d01ecf,382,Femenía,DEF,Watford,4.3,45060,Femenía,DEF,4.3,33271
Andre Gray,Gray (Andre),Gray (Andre),Gray (Andre),Gray (Andre),Gray (Andre),Andre Gray,c24dba2a,383,Gray,FWD,Watford,5.4,23380,Gray,FWD,5.5,33415
Kabasele,Kabasele,Kabasele,Kabasele,Kabasele,Kabasele,Christian Kabasele,914ab9a1,384,Kabasele,DEF,Watford,4.3,23265,Kabasele,DEF,4,33293
N Chalobah,Chalobah (Nathaniel),Chalobah (Nathaniel),Chalobah (Nathaniel),Chalobah (Nathaniel),Chalobah (Nathaniel),Nathaniel Chalobah,422862ea,385,Chalobah,MID,Watford,5,23296,Chalobah,MID,5,34680
W Hughes,Hughes (Will),Hughes (Will),Hughes,Hughes,Hughes (Will),Will Hughes,a0666d3e,386,Hughes,MID,Crystal Palace,4.7,45036,Hughes,MID,4.5,34806
Troost-Ekong,,,,,Troost-Ekong,William Troost-Ekong,7ed4921e,387,Troost-Ekong,DEF,Watford,4.3,225300,Troosh-Ekong,DEF,4.2,34213
Perica,,,,,Perica,Stipe Perica,269b4638,388,Perica,FWD,Watford,4.5,225303,Perica,FWD,4.5,34887
Bachmann,,,,,Bachmann,Daniel Bachmann,1c0eea98,389,Bachmann,GK,Watford,4,225305,Bachmann,GK,4.4,34524
Masina,,Masina,Masina,Masina,Masina,Adam Masina,de0f152c,390,Masina,DEF,Watford,4.3,88479,Masina,DEF,4.4,34336
Sema,,Sema,,Sema,Sema,Ken Sema,1770bd68,391,Sema,MID,Watford,5.2,225311,Sema,MID,5.4,34242
Zinckernagel,,,,,Zinckernagel,Philip Zinckernagel,a5ea254c,392,Zinckernagel,MID,Watford,5.5,,,,,34684
Success,,Isaac Success,Isaac Success,Isaac Success,Isaac Success,Isaac Success,f573a8bf,393,Success,FWD,Watford,5,92387,Success,FWD,5,35071
Dele-Bashiru,,,,,Dele-Bashiru,Tom Dele-Bashiru,0666f848,394,Dele-Bashiru,MID,Watford,4.5,225307,Dele-Bashiru,MID,4.5,36420
Fletcher,,,,,Fletcher,Ashley Fletcher,eeb6551f,395,Fletcher,FWD,Watford,4.8,225304,Fletcher,FWD,5,34974
Sierralta,,,,,Sierralta,Francisco Sierralta,0f933743,396,Sierralta,DEF,Watford,4.3,225299,Sierralta,DEF,4.5,35556
Quina,,Quina,Quina,Quina,Quina,Domingos Quina,41fb0f4e,397,Quina,MID,Watford,4.5,32938,Quina,MID,4.5,36482
Navarro,,Navarro,,Navarro,Navarro,Marc Navarro,c2846353,398,Navarro,DEF,Watford,4,225297,Navarro,DEF,4,34882
I Sarr,,,Ismaila Sarr,Ismaila Sarr,Ismaila Sarr,Ismaila Sarr,bfdb33aa,399,Sarr,MID,Watford,5.7,139971,Sarr,MID,6.2,35851
Ngakia,,,Ngakia,Ngakia,Ngakia,Jeremy Ngakia,3631ad41,400,Ngakia,DEF,Watford,4.2,225298,Ngakia,DEF,4.5,36776
Wilmot,,Wilmot,,Wilmot,Wilmot,Ben Wilmot,2876eaa3,401,Wilmot,DEF,Watford,4.5,,,,,36468
Hungbo,,,,,Hungbo,Joseph Hungbo,fdf9edec,402,Hungbo,MID,Watford,4.5,,,,,36540
Louza,,,,,Louza,Imran Louza,e1df6989,403,Louza,MID,Watford,5.2,225310,Louza,MID,5.5,36281
Joao Pedro,,,João Pedro,João Pedro,João Pedro,João Pedro,e8832875,404,João Pedro,FWD,Watford,5.4,164449,Pedro,FWD,5.4,37160
Baah,,,,,Baah,Kwadwo Baah,f240e4f2,405,Baah,MID,Watford,4.3,225306,Baah,MID,4,37648
Noble,Noble,Noble,Noble,Noble,Noble,Mark Noble,ff527768,406,Noble,MID,West Ham,4.3,23276,Noble,MID,4.5,31905
Randolph,,,Randolph,Randolph,Randolph,Darren Randolph,6385ebfb,407,Randolph,GK,West Ham,4.3,158282,Randolph,GK,4,31909
Fabianski,Fabianski,Fabianski,Fabianski,Fabianski,Fabianski,?ukasz Fabia?ski,9328b835,408,Fabianski,GK,West Ham,5,23448,Fabianski,GK,5,31155
Ogbonna,Ogbonna,Ogbonna,Ogbonna,Ogbonna,Ogbonna,Angelo Ogbonna,74b2cd7e,409,Ogbonna,DEF,West Ham,4.9,23278,Ogbonna,DEF,5.1,32286
Reid,Reid,,,Reid,Reid,Winston Reid,562eed5c,410,Reid,DEF,West Ham,3.9,203187,Reid,DEF,4.5,32327
A Cresswell,Cresswell,Cresswell,Cresswell,Cresswell (Aaron),Cresswell (Aaron),Aaron Cresswell,4f974391,411,Cresswell,DEF,West Ham,5.5,23543,Cresswell,DEF,5.3,32857
Yarmolenko,,Yarmolenko,Yarmolenko,Yarmolenko,Yarmolenko,Andriy Yarmolenko,849c826a,412,Yarmolenko,MID,West Ham,5.1,88575,Yarmolenko,MID,5.6,32804
Antonio,Antonio,Antonio,Antonio,Antonio,Antonio,Michail Antonio,ac05f970,413,Antonio,FWD,West Ham,7.4,23550,Antonio,FWD,7.4,32960
Dawson,Dawson,,Dawson,Dawson,Dawson,Craig Dawson,3e9e06cb,414,Dawson,DEF,West Ham,4.9,132438,Dawson,DEF,5,32999
Fredericks,,Fredericks,Fredericks,Fredericks,Fredericks,Ryan Fredericks,c067631c,415,Fredericks,DEF,West Ham,4.4,88450,Fredericks,DEF,4.5,33887
Lanzini,Lanzini,Lanzini,Lanzini,Lanzini,Lanzini,Manuel Lanzini,26f6dca8,416,Lanzini,MID,West Ham,5.6,23539,Lanzini,MID,5.5,34015
Masuaku,Masuaku,Masuaku,Masuaku,Masuaku,Masuaku,Arthur Masuaku,57df7a11,417,Masuaku,DEF,West Ham,4.4,24382,Masuaku,DEF,4.9,34280
Coufal,,,,Coufal,Coufal,Vladimír Coufal,fdf3cb77,418,Coufal,DEF,West Ham,4.7,186817,Coufal,DEF,4.9,33838
Benrahma,,,,Benrahma,Benrahma,Saïd Benrahma,5a04fd92,419,Benrahma,MID,West Ham,5.9,189709,Benrahma,MID,6,34921
Bowen,,,Bowen,Bowen,Bowen,Jarrod Bowen,79c84d1c,420,Bowen,MID,West Ham,6.9,161049,Bowen,MID,7,35419
Rice,Rice,Rice,Rice,Rice,Rice,Declan Rice,1c7012b8,421,Rice,MID,West Ham,5,32973,Rice,MID,5.1,36174
Soucek,,,Soucek,Soucek,Soucek,Tomáš Sou?ek,6613c819,422,Soucek,MID,West Ham,5.7,160700,Soucek,MID,6,34757
Fornals,,,Fornals,Fornals,Fornals,Pablo Fornals,82927de4,423,Fornals,MID,West Ham,6,132425,Fornals,MID,6.1,35117
Diop,,Diop,Diop,Diop,Diop,Issa Diop,a712ca2b,424,Diop,DEF,West Ham,4.2,88449,Diop,DEF,4.9,35439
Johnson,,Johnson (Ben),Johnson (Ben),Johnson (Ben),Johnson,Ben Johnson,9319781b,425,Johnson,DEF,West Ham,3.9,67736,Johnson,DEF,4.3,36549
Moutinho,,Moutinho,Moutinho,Moutinho,Moutinho,João Moutinho,f5a00fa4,426,Moutinho,MID,Wolverhampton,4.9,91130,Moutinho,MID,5.7,31663
Patricio,,Rui Patrício,Rui Patrício,Rui Patrício,Rui Patrício,Rui Patrício,79b0d6a0,427,Patrício,GK,Wolverhampton,5,,,,,32188
Boly,,Boly,Boly,Boly,Boly,Willy Boly,a4ac4b8f,428,Boly,DEF,Wolverhampton,4.9,88556,Boly,DEF,4.5,33272
Coady,,Coady,Coady,Coady,Coady,Conor Coady,2928dca2,429,Coady,DEF,Wolverhampton,4.8,88496,Coady,DEF,5,34025
Jimenez,,Raúl Jiménez,Raúl Jiménez,Raúl Jiménez,Raúl Jiménez,Raúl Jiménez,b561db50,430,Jiménez,FWD,Wolverhampton,7.5,88528,Jiménez,FWD,7.2,33363
Saiss,,Saiss,Saiss,Saiss,Saiss,Romain Saïss,9fbbcf39,431,Saïss,DEF,Wolverhampton,4.8,88539,Saïss,DEF,4.9,32958
Marcal,,,,Marçal,Marçal,Fernando Marçal,9ae9eaea,432,Marçal,DEF,Wolverhampton,4.2,182753,Marcal,DEF,4.7,32558
Jonny,,Jonny,Jonny,Jonny,Jonny,Jonny Castro,e28868f3,433,Jonny,DEF,Wolverhampton,4.5,91162,Castro,DEF,4.7,34396
Dendoncker,,Dendoncker,Dendoncker,Dendoncker (Leander),Dendoncker (Leander),Leander Dendoncker,5a7301ae,434,Dendoncker,MID,Wolverhampton,4.6,92413,Dendoncker,MID,5,34804
A Traore,,Traoré,Traoré,Traoré,Traoré,Adama Traoré,9a28eba4,435,Traoré,MID,Wolverhampton,5.6,92375,Traore,MID,5.7,35089
Neves,,Ruben Neves,Ruben Neves,Ruben Neves,Ruben Neves,Rúben Neves,44bfb6c5,436,Neves,MID,Wolverhampton,5.2,88466,Neves,MID,6.1,35502
Semedo,,,,Semedo,Semedo,Nélson Semedo,d04b94db,437,Semedo,DEF,Wolverhampton,4.8,185167,Semedo,DEF,4.8,34289
Podence,,,Daniel Podence,Podence,Podence,Daniel Podence,7fcc71d8,438,Podence,MID,Wolverhampton,5.5,160975,Podence,MID,5.4,34993
Kilman,,Kilman,Kilman,Kilman,Kilman,Max Kilman,d0f72bf1,439,Kilman,DEF,Wolverhampton,4.5,106466,Kilman,DEF,4.8,35573
Gibbs-White,,Gibbs-White,Gibbs-White,Gibbs-White,Gibbs-White,Morgan Gibbs-White,32f60ed8,440,Gibbs-White,MID,Wolverhampton,4.5,88531,Gibbs-White,MID,4.5,36552
Neto,,,Pedro Neto,Neto,Neto,Pedro Neto,7ba2eaa9,441,Neto,MID,Wolverhampton,6.2,139207,Neto,MID,5.9,36594
Otasowie,,,,Otasowie,Otasowie,Owen Otasowie,6956ff08,442,Otasowie,MID,Wolverhampton,4.5,196831,Otasowie,MID,4.5,37001
Hoever,,,,Hoever,Hoever,Ki-Jana Hoever,9a71e978,443,Hoever,DEF,Wolverhampton,3.9,184652,Hoever,DEF,4.5,37274
Sondergaard,,,,,Sondergaard,Andreas Søndergaard,43f9b4ba,444,Söndergaard,GK,Wolverhampton,3.9,225313,Sondergaard,GK,4,36908
F Silva,,,,Fabio Silva,Fabio Silva,Fábio Silva,e7aa9d7c,445,Fabio Silva,FWD,Wolverhampton,5.6,182752,Silva,FWD,5.7,37456
Mosquera,,,,,Mosquera,Yerson Mosquera,1e159d70,446,Mosquera,DEF,Wolverhampton,4.4,225312,Mosquera,DEF,4.5,37013
Welbeck,Welbeck,Welbeck,Welbeck,Welbeck,Welbeck,Danny Welbeck,ce5143da,447,Welbeck,FWD,B & H Albion,5.9,23331,Welbeck,FWD,5.9,33203
Gunn,,Gunn,Gunn,Gunn,Gunn,Angus Gunn,e082af5b,448,Gunn,GK,Norwich,4,225320,Gunn,GK,4,35086
Rashica,,,,,Rashica,Milot Rashica,6c6a3300,449,Rashica,MID,Norwich,5.2,225295,Rashica,MID,5.4,35244
Dennis,,,,,Dennis,Emmanuel Dennis,2c44a35d,450,Dennis,FWD,Watford,5.8,225321,Dennis,FWD,5.2,35749
Collins,,,,,Collins,Nathan Collins,a8c19eb8,451,Collins,DEF,Burnley,4.3,234803,Collins,DEF,4.4,37011
Ruddy,,Ruddy,,Ruddy,Ruddy,John Ruddy,da8b19e2,452,Ruddy,GK,Wolverhampton,4.3,88503,Ruddy,GK,4,31709
Fernandinho,Fernandinho,Fernandinho,Fernandinho,Fernandinho,Fernandinho,Fernandinho,101da2b5,453,Fernandinho,MID,Man City,4.7,23310,Fernandinho,MID,5,31171
Pollock,,,,,Pollock,Matthew Pollock,6681bcc8,454,Pollock,DEF,Watford,4,225322,Pollock,DEF,4,37162
Daka,,,,,Daka,Patson Daka,ca45605e,455,Daka,FWD,Leicester City,7,225294,Daka,FWD,7,36077
Gibson,,Gibson,,,Gibson (Ben),Ben Gibson,bcfb0142,456,Gibson,DEF,Norwich,4.4,192733,Gibson,DEF,4.3,33984
Giannoulis,,,,,Giannoulis,Dimitris Giannoulis,112c495e,457,Giannoulis,DEF,Norwich,4.4,225479,Giannoulis,DEF,4.5,34989
Soumare,,,,,Soumaré,Boubakary Soumaré,ae59b359,458,Soumaré,MID,Leicester City,4.8,226789,Soumare,MID,5,36218
Mata,Mata,Mata,Mata,Mata,Mata,Juan Mata,29733c72,459,Mata,MID,Man United,4.7,23177,Mata,MID,5,32261
Perraud,,,,,Perraud,Romain Perraud,6dfd8f05,460,Perraud,DEF,Southampton,4.8,226790,Perraud,DEF,5,35695
Trincao,,,,,Trincão,Francisco Trincão,77e39b04,461,Trincão,MID,Wolverhampton,5.6,226791,Trincao,MID,5.8,36523
Mwepu,,,,,Mwepu,Enock Mwepu,1d5cab82,462,Mwepu,MID,B & H Albion,5.9,226985,Mwepu,MID,5.5,35796
Firpo,,,,,Firpo,Junior Firpo,24f59bb2,463,Firpo,DEF,Leeds United,4.7,226984,Firpo,DEF,4.3,35299
Olise,,,,,Olise,Michael Olise,c4486bac,464,Olise,MID,Crystal Palace,5.4,230249,Olise,MID,5.5,37237
F Fernandez,Fernández,Fernández,Fernández,Fernández,Fernández,Federico Fernández,f25b010f,465,Fernández,DEF,Newcastle United,4.3,23466,Fernández,DEF,4.4,32560
Tavares,,,,,Nuno Tavares,Nuno Tavares,a65c844b,466,Tavares,DEF,Arsenal,4.3,230250,Tavares,DEF,4.6,37163
Etebo,,,,,Etebo,Oghenekaro Etebo,b579e83d,467,Etebo,MID,Watford,4.3,230251,Etebo,MID,4.5,35012
King,King (Joshua),King (Joshua),King (Joshua),King,King,Joshua King,43458538,468,King,FWD,Watford,5.6,23364,King,FWD,5.4,33618
Mebude,,,,,Mebude,Adedapo Awokoya-Mebude,b7996fe0,469,Mebude,FWD,Watford,4.5,,,,,37091
Ait-Nouri,,,,Ait Nouri,Ait Nouri,Rayan Aït Nouri,9b398aea,470,Ait Nouri,DEF,Wolverhampton,4.2,187323,Aït Nouri,DEF,4.8,37048
Lees-Melou,,,,,Lees-Melou,Pierre Lees-Melou,f5044e54,471,Lees-Melou,MID,Norwich,4.8,230256,Lees Melou,MID,5,34114
Cucho,,,,,Cucho,Cucho,71b47ab9,472,Cucho,FWD,Watford,5,230257,Hernández,FWD,5,36270
Bertrand,Bertrand,Bertrand,Bertrand,Bertrand,Bertrand,Ryan Bertrand,01226327,473,Bertrand,DEF,Leicester City,4.6,23241,Bertrand,DEF,4.5,32725
J Ward,Ward (Joel),Ward (Joel),Ward (Joel),Ward (Joel),Ward (Joel),Joel Ward,8a7ff278,474,Ward,DEF,Crystal Palace,4.5,23018,Ward,DEF,4.3,32810
Sa,,,,,José Sá,José Sá,903b6e8b,475,Sá,GK,Wolverhampton,5.3,231959,Sa,GK,5,33986
Scherpen,,,,,Scherpen,Kjell Scherpen,f0e4c69e,476,Scherpen,GK,B & H Albion,4.5,231960,Scherpen,GK,4.5,36548
Guehi,,,,,Marc Guehi,Marc Guéhi,d0706b27,477,Guéhi,DEF,Crystal Palace,4.5,231961,Guehi,DEF,4.8,36720
Lokonga,,,,,Sambi Lokonga,Albert Sambi Lokonga,1b4f1169,478,Sambi Lokonga,MID,Arsenal,4.8,233400,Lokonga,MID,5,36455
Onyeka,,,,,Onyeka,Frank Onyeka,2944f86f,479,Onyeka,MID,Brentford,4.9,233401,Onyeka,MID,5,35796
Hennessey,Hennessey,Hennessey,Hennessey,Hennessey,Hennessey,Wayne Hennessey,76eca7e2,480,Hennessey,GK,Burnley,4.5,233402,Hennessey,GK,4.5,31801
Begovic,Begovic,Begovic,,Begovic,Begovic,Asmir Begovi?,7b4de647,481,Begovi?,GK,Everton,4,233403,Begovic,GK,4.5,31948
Townsend,Townsend,Townsend,Townsend,Townsend (Andros),Townsend,Andros Townsend,b28bbd58,482,Townsend,MID,Everton,5.2,23016,Townsend,MID,5.6,33435
Ajer,,,,,Ajer,Kristoffer Ajer,a8c0acb7,483,Ajer,DEF,Brentford,4.4,234799,Ajer,DEF,4.4,35902
D Gray,Gray (Demarai),Gray (Demarai),Gray (Demarai),Gray,Gray (Demarai),Demarai Gray,4468ec10,484,Gray,MID,Everton,5.5,234800,Gray,MID,5.7,35244
Sancho,,,,,Sancho,Jadon Sancho,dbf053da,485,Sancho,MID,Man United,8.9,228177,Sancho,MID,7.8,36610
Gollini,,,,,Gollini,Pierluigi Gollini,f0f7f62f,486,Gollini,GK,Tottenham,4.2,234801,Gollini,GK,5,34776
Bryan Gil,,,,,Gil,Bryan,7b5ab7f2,487,Bryan,MID,Tottenham,5.7,234779,Gil,MID,5.6,36933
Andersen,,,,Andersen,Andersen,Joachim Andersen,e34fc66d,488,Andersen,DEF,Crystal Palace,4.6,187804,Andersen,DEF,4.7,35216
Areola,,,,Areola,Areola,Alphonse Areola,2f965a72,489,Areola,GK,West Ham,4.7,183126,Areola,GK,5,34027
Klaesson,,,,,Klaesson,Kristoffer Klaesson,3f70db80,490,Klaesson,GK,Leeds United,4.3,236836,Klaesson,GK,4.5,36857
Livramento,,,,,Livramento,Valentino Livramento,afed6722,491,Livramento,DEF,Southampton,4.3,237976,Livramento,DEF,4.9,37572
Bailey,,,,,Bailey,Leon Bailey,3a233281,492,Bailey,MID,Aston Villa,6.3,240547,Bailey,MID,6.4,35651
Varane,,,,,Varane,Raphaël Varane,9f8e9423,555,Varane,DEF,Man United,5.5,241033,Varane,DEF,5.4,34084
Lukaku,Lukaku,Lukaku,,,Lukaku,Romelu Lukaku,5eae500a,529,Lukaku,FWD,Chelsea,11.4,240869,Lukaku,FWD,9.9,34102
Romero,,,,,Romero (Cristian),Cristian Romero,a3d94a58,494,Romero,DEF,Tottenham,4.8,241952,Romero,DEF,4.7,35912
Thompson,,,,,Thompson (Dominic),Dominic Thompson,235a62f8,498,Thompson,DEF,Brentford,4.4,242877,Thompson,DEF,4,36733
Oksanen,,,,,Oksanen,Jaakko Oksanen,82b13dde,,Oksanen,MID,Brentford,4.5,,,,,36837
Valencia,,,,,Valencia,Joel Valencia,03904ca0,,Valencia,FWD,Brentford,4.5,,,,,34654
Branthwaite,,,Branthwaite,,Branthwaite,Jarrad Branthwaite,c1949191,544,Branthwaite,DEF,Everton,4,242875,Branthwaite,DEF,4,37434
Kenny,Kenny,Kenny,,Kenny,Kenny,Jonjoe Kenny,099e666f,502,Kenny,DEF,Everton,4.4,242874,Kenny,DEF,4.4,35504
Nkounkou,,,,Nkounkou,Nkounkou,Niels Nkounkou,f5b281e7,570,Nkounkou,DEF,Everton,4,192872,Nkounkou,DEF,4.5,36831
Gbamin,,,Gbamin,Gbamin,Gbamin,Jean-Philippe Gbamin,6bd603db,504,Gbamin,MID,Everton,4.4,139205,Gbamin,MID,4.5,34967
A Gordon,,,Gordon (Anthony),Gordon (Anthony),Gordon (Anthony),Anthony Gordon,2bd83368,503,Gordon,MID,Everton,4.6,242870,Gordon,MID,4.5,36946
Kean,,,Kean,Kean,Kean,Moise Kean,3d50bcdb,564,Kean,FWD,Everton,6,234802,Kean,FWD,6.5,36584
Adshead,,,,,Adshead,Daniel Adshead,8f817fc7,,Adshead,MID,Norwich,4.5,,,,,37136
Valery,,Valery,Valery,Valery,Valery,Yan Valery,531a4aa8,546,Valery,DEF,Southampton,3.9,242872,Valery,DEF,4,36213
S Long,Long (Shane),Long (Shane),Long (Shane),Long (Shane),Long (Shane),Shane Long,9f472354,519,Long,FWD,Southampton,5.4,242871,Long,FWD,5,31799
Cutrone,,,Cutrone,Cutrone,Cutrone,Patrick Cutrone,a4fe8cda,523,Cutrone,FWD,Wolverhampton,5,242873,Cutrone,FWD,5.5,35798
Elliott,,,,,Elliott,Harvey Elliott,c8387671,506,Elliott,MID,Liverpool,5.3,241953,Elliott,MID,5.5,37715
Ostigard,,,,,Ostigard,Leo Skiri Østigård,b35a7399,,Ostigard,DEF,B & H Albion,4,,,,,36492
Clyne,Clyne,Clyne,,Clyne,Clyne,Nathaniel Clyne,0442183b,493,Clyne,DEF,Crystal Palace,4.3,189201,Clyne,DEF,4.6,33333
Kucka,,,,,Kucka,Juraj Kucka,5aaef9ef,495,Kucka,MID,Watford,5.5,242864,Kucka,MID,5.5,31834
Sargent,,,,,Sargent,Josh Sargent,a8d4428b,516,Sargent,FWD,Norwich,5.4,242865,Sargent,FWD,5.5,36576
A Armstrong,,,,,A Armstrong,Adam Armstrong,68c720b5,525,A.Armstrong,FWD,Southampton,5.7,242879,Armstrong,FWD,6.1,35471
Broja,,,,,Broja,Armando Broja,97220da2,518,Broja,FWD,Southampton,5.5,242869,Broja,FWD,5,37144
A Ramsey,,,,,A Ramsey,Aaron Ramsey,e1618c22,496,Ramsey,MID,Aston Villa,4.4,,,,,37642
Philogene-Bidace,,,,Philogene-Bidace,Philogene-Bidace,Jaden Philogene Bidace,19f4d211,497,Philogene-Bidace,MID,Aston Villa,5,242868,Philogance-Bidace,MID,4.5,37394
S Baptiste,,,,,Baptiste (Shandon),Shandon Baptiste,2886c9b5,499,Baptiste,MID,Brentford,4.9,192215,Baptiste,MID,4.5,35893
Andone,,Andone,Andone,,Andone,Florin Andone,dc008610,500,Andone,FWD,B & H Albion,5,242876,Andone,FWD,5,34070
M Sarr,,,,,Sarr (Malang),Malang Sarr,4315f30d,501,Sarr,DEF,Chelsea,4.9,262617,Sarr,DEF,5,36183
Dewsbury-Hall,,,,,Dewsbury-Hall,Kiernan Dewsbury Hall,5c74c0f5,505,Dewsbury-Hall,MID,Leicester City,4.4,242878,Dewsbury-Hall,MID,4.5,36044
Palmer,,,,,Palmer,Cole Palmer,dc7f8a28,507,Palmer,MID,Man City,4.5,242906,Palmer,MID,4.5,37382
Edozie,,,,,Edozie,Samuel Edozie,007414dd,508,Edozie,MID,Man City,4.7,242907,Edozie,FWD,4.5,37649
Heaton,Heaton,Heaton,Heaton,,Heaton,Tom Heaton,a6de6361,509,Heaton,GK,Man United,3.9,176811,Heaton,GK,4.5,31517
Dalot,,Diogo Dalot,Diogo Dalot,,Diogo Dalot,Diogo Dalot,d9565625,510,Dalot,DEF,Man United,4.2,242908,Dalot,DEF,5,36237
A Pereira,,Pereira (Andreas),Pereira,,Pereira,Andreas Pereira,6639e500,511,Pereira,MID,Man United,5,242909,Pereira,MID,5,35065
Elanga,,,,Elanga,Elanga,Anthony Elanga,2fba6108,512,Elanga,MID,Man United,4.8,219749,Elanga,MID,4.5,37373
Woodman,,,,,Woodman,Freddie Woodman,19e50035,513,Woodman,GK,Newcastle United,4.3,236835,Woodman,GK,4,35493
Gillespie,,,,,Gillespie,Mark Gillespie,e32958b7,514,Gillespie,GK,Newcastle United,3.9,190419,Gillespie,GK,4,33690
Mumba,,,,,Mumba,Bali Mumba,2d760d7b,515,Mumba,DEF,Norwich,3.9,192756,Mumba,DEF,4,37172
Elyounoussi,,Elyounoussi,,,Elyounoussi,Mohamed Elyounoussi,68dc0dac,517,Elyounoussi,MID,Southampton,5.4,242910,Elyounoussi,MID,5.3,34550
Scarlett,,,,Scarlett,Scarlett,Dane Scarlett,21945a9e,520,Scarlett,FWD,Tottenham,4.5,203938,Scarlett,FWD,4.5,38070
Alves,,,,,Alves,Frederik Ibsen,95827107,521,Alves,DEF,West Ham,4,242912,Alves,DEF,4,36472
Coventry,,,,,Coventry,Conor Coventry,a5ca9127,522,Coventry,MID,West Ham,4.5,242913,Coventry,MID,4.5,36610
Chukwuemeka,,,,Chukwuemeka,Chukwuemeka (Carney),Carney Chukwuemeka,18c70acb,526,Chukwuemeka,MID,Aston Villa,4.5,221680,Chukwuemeka,MID,4.5,37914
Wissa,,,,,Wissa,Yoane Wissa,2500cef9,524,Wissa,MID,Brentford,5.7,242911,Wissa,MID,5.5,35311
Emerson P,Emerson,Emerson,Emerson,Emerson,Emerson Palmieri,Emerson Palmieri,e0bc6fdc,539,Emerson,DEF,Chelsea,4.5,77358,Emerson,DEF,4.5,34549
Caicedo,,,,,Moises Caicedo,Moisés Caicedo,16264a81,538,Caicedo,MID,B & H Albion,4.5,203010,Caicedo,MID,4.5,37197
P Jones,Jones (Phil),Jones (Phil),Jones (Phil),,Jones (Phil),Phil Jones,def899bd,632,Jones,DEF,Man United,4.5,274845,Jones,DEF,4.5,33655
Tau,,,,Tau,Tau,Percy Tau,4d0eb7d2,,Tau,FWD,B & H Albion,5,198780,Tau,MID,4.5,34467
T Chalobah,,,,,Chalobah (Trevoh),Trevoh Chalobah,5515376c,527,Chalobah,DEF,Chelsea,4.7,242981,Chalobah,DEF,5.1,36346
Tzolis,,,,,Tzolis,Christos Tzolis,9f333379,528,Tzolis,MID,Norwich,4.8,242984,Tzolis,MID,5,37286
Balogun,,,,,Balogun,Folarin Balogun,31822f8c,530,Balogun,FWD,Arsenal,4.7,245770,Balogun,FWD,5,37075
R Nelson,,,Nelson,Nelson,Nelson (Reiss),Reiss Nelson,c5bdb6e3,531,Nelson,MID,Arsenal,5,77164,Nelson,MID,5.5,36504
Hein,,,,,Hein,Karl Jakob Hein,aa81d8f8,532,Hein,GK,Arsenal,4,249316,Hein,GK,4.5,37359
Richardson,,,,Richardson,Richardson,Lewis Richardson,4fa62ae4,533,Richardson,FWD,Burnley,4.5,,,,,37659
B Thomas,,,,,B Thomas,Bobby Thomas,6a471ee8,534,Thomas,DEF,Burnley,3.9,,,,,36921
Zeqiri,,,,Zeqiri,Zeqiri,Andi Zeqiri,d01231f0,535,Zeqiri,FWD,B & H Albion,4.5,186816,Zeqiri,FWD,4.5,36333
Karbownik,,,,,Karbownik,Micha? Karbownik,1b280c66,536,Karbownik,DEF,B & H Albion,4,249317,Karbownik,DEF,4,36963
Richards,,,,,Richards (Taylor),Taylor Richards,e0243d23,537,Richards,MID,B & H Albion,4.5,255575,Richards,MID,4,36864
Hannam,,,,,Hannam,Reece Hannam,974b8e7f,540,Hannam,DEF,Crystal Palace,3.9,,,,,36788
Rak-Sakyi,,,,,Rak-Sakyi,Jesuran Rak Sakyi,45685411,541,Rak-Sakyi,MID,Crystal Palace,4.4,246493,Rak-Sakyi,MID,4.5,37534
Street,,,,,Street,Robert Street,b4390912,542,Street,FWD,Crystal Palace,4.5,,,,,37160
Banks,,,,,Banks,Scott Banks,d01f8942,543,Banks,MID,Crystal Palace,4.5,,,,,37160
Broadhead,,,,Broadhead,Broadhead,Nathan Broadhead,43309491,545,Broadhead,FWD,Everton,4.5,,,,,35890
Cundle,,,,,Cundle,Luke Cundle,cc3b8e78,547,Cundle,MID,Wolverhampton,4.4,280714,Cundle,MID,4.5,37372
Campbell,,,,,Campbell,Chem Campbell,6f711f67,548,Campbell,MID,Wolverhampton,4.4,,,,,37620
Marques,,,,,Marques,Christian Marques,a7cf1541,549,Marques,DEF,Wolverhampton,4,,,,,37636
S Greenwood,,,,,Greenwood (Sam),Sam Greenwood,f3354c07,550,Greenwood,FWD,Leeds United,4.6,249318,Greenwood,FWD,5,37282
Summerville,,,,,Summerville,Crysencio Summerville,df04eb4b,551,Summerville,MID,Leeds United,4.5,259750,Summerville,MID,4.5,37194
Forshaw,,,,,Forshaw,Adam Forshaw,9f1938ab,552,Forshaw,MID,Leeds United,4.5,176657,Forshaw,MID,5,33519
Woodburn,Woodburn,,,,Woodburn,Ben Woodburn,8aadeaef,553,Woodburn,MID,Liverpool,4.5,,,,,36448
J Baptiste,,,,,J Baptiste,Jamal Baptiste,41d3704d,554,Baptiste,DEF,West Ham,3.9,,,,,37936
van Hecke,,,,,van Hecke,Jan Paul van Hecke,4fd08daa,,van Hecke,DEF,B & H Albion,4,,,,,36685
Locadia,Locadia,Locadia,Locadia,,Locadia,Jürgen Locadia,6cc47ae1,595,Locadia,FWD,B & H Albion,4.4,259278,Locadia,FWD,5,34280
Gelhardt,,,,,Gelhardt,Joe Gelhardt,01962d0d,577,Gelhardt,FWD,Leeds United,4.7,259613,Gelhardt,FWD,4,37380
Benkovic,,,,,Benkovic,Filip Benkovi?,305a3820,,Benkovic,DEF,Leicester City,4,,,,,35624
Rafa Mir,,,,,Rafa Mir,Rafa Mir,bbf5c11b,,Rafa Mir,FWD,Wolverhampton,4.5,,,,,35599
D Martin,,,Martin (David),,Martin (David),David Martin,07666c20,,Martin,GK,West Ham,4,,,,,31434
Trybull,,,Trybull,,Trybull,Tom Trybull,552aa16c,,Trybull,MID,Norwich,4.5,,,,,34037
Oxborough,,,,,Oxborough,Aston Oxborough,0a3e7440,,Oxborough,GK,Norwich,4,,,,,35924
Karius,Karius,,,,Karius,Loris Karius,32e7ce92,,Karius,GK,Liverpool,4.5,,,,,34142
A Diallo,,,,Amad Diallo,Amad Diallo,Amad Diallo,9dc96f10,636,Diallo,FWD,Man United,5,,,,,37448
Tosun,Tosun,Tosun,Tosun,Tosun,Tosun,Cenk Tosun,9a104dee,622,Tosun,FWD,Everton,5,265469,Tosun,FWD,5.5,33396
Buur,,,,Buur,Buur,Oskar Buur,aa6f2f2c,,Buur,DEF,Wolverhampton,4,,,,,35885
X Silva,,Xande Silva,,,Xande Silva,Xande Silva,15d561fa,,Xande Silva,FWD,West Ham,4.5,,,,,35505
Hirst,,,,,Hirst,George Hirst,78e87179,,Hirst,FWD,Leicester City,4.5,176635,Hirst,FWD,4,36206
Odubeko,,,,,Odubeko,Ademipo Odubeko,dcba03f6,,Odubeko,FWD,West Ham,4.5,,,,,37550
Ramsdale,,,Ramsdale,Ramsdale,Ramsdale,Aaron Ramsdale,466fb2c5,559,Ramsdale,GK,Arsenal,5.1,140080,Ramsdale,GK,5.2,35929
Odegaard,,,,Odegaard,Odegaard,Martin Ødegaard,79300479,558,Ødegaard,MID,Arsenal,5.6,201990,Ødegaard,MID,6.3,36146
Tufan,,,,,Tufan,Ozan Tufan,17d45fb2,557,Tufan,MID,Watford,5,252331,Tufan,MID,5.5,34781
A Fernandez L,,,,,Fernández (Álvaro),Álvaro Fernández Llorente,f127d782,556,Fernández,GK,Brentford,4.5,251271,Fernandez,GK,4.6,35898
H Roberts,,,,,Roberts (Haydon),Haydon Roberts,a731e8a0,560,Roberts,DEF,B & H Albion,3.9,,,,,37386
Matthews,,,,,Matthews,Remi Matthews,27f4f772,561,Matthews,GK,Crystal Palace,3.9,,,,,34375
Drameh,,,,,Drameh,Cody Drameh,e0d1510a,562,Drameh,DEF,Leeds United,3.9,264308,Drameh,DEF,4,37233
C Cresswell,,,,,Cresswell (Charlie),Charlie Cresswell,4654e5f5,563,Cresswell,DEF,Leeds United,4,260200,Cresswell,DEF,4.5,37597
Dodgson,,,,,Dodgson,Owen Dodgson,2e590065,565,Dodgson,DEF,Burnley,3.9,,,,,37699
Doyle,,,Doyle,,Doyle,Thomas Doyle,5526deb1,566,Doyle,MID,Man City,4.5,,,,,37181
Small,,,,,Small,Thierry Small,6f487e5d,667,Small,DEF,Southampton,4,,,,,38200
Cornet,,,,,Cornet,Maxwel Cornet,beb391dd,578,Cornet,MID,Burnley,5.9,256300,Cornet,MID,5.7,35335
Lyanco,,,,,Lyanco,Lyanco,b5bf1770,567,Lyanco,DEF,Southampton,4.4,256301,Lyanco,DEF,4.5,35462
Lonergan,,,,,Lonergan,Andy Lonergan,165cf989,571,Lonergan,GK,Everton,3.9,,,,,30608
Archer,,,,,Archer,Cameron Archer,05e8ca6d,568,Archer,FWD,Aston Villa,4.5,260240,Archer,FWD,4,37093
Stevens,,,,,Stevens (Finley),Finley Stevens,7e003182,569,Stevens,DEF,Brentford,3.9,,,,,37721
Okonkwo,,,,,Okonkwo,Arthur Okonkwo,75834acc,572,Okonkwo,GK,Arsenal,3.9,,,,,37143
Jakupovic,Jakupovic,,,,Jakupovic,Eldin Jakupovi?,1148323a,573,Jakupovic,GK,Leicester City,3.9,23079,Jakupovic,GK,4,30957
Elliot,Elliot,,,,Elliot,Rob Elliot,b1b25949,574,Elliot,GK,Watford,4,,,,,31532
Lennon,Lennon,Lennon,Lennon,,Lennon,Aaron Lennon,2ff964a0,575,Lennon,MID,Burnley,4.7,255775,Lennon,MID,5,31883
McCarron,,,,,McCarron,Liam McCarron,076bb352,576,McCarron,MID,Leeds United,4.4,273846,McCarron,DEF,4,36957
Ronaldo,,,,,Cristiano Ronaldo,Cristiano Ronaldo,dea698d9,579,Ronaldo,FWD,Man United,12.2,254679,Ronaldo,FWD,11.2,31083
Hwang,,,,,Hwang Hee-Chan,Hwang Hee-chan,169fd162,583,Hwang,FWD,Wolverhampton,5.4,257178,Hee-chan,FWD,5.9,35090
Lookman,Lookman,Lookman,,Lookman,Lookman,Ademola Lookman,7c104bb7,587,Lookman,MID,Leicester City,5.9,186746,Lookman,MID,6,35723
Edouard,,,,,Edouard,Odsonne Édouard,0562b7f1,586,Edouard,FWD,Crystal Palace,6.1,257274,Edouard,FWD,6,35811
Emerson R,,,,,Emerson Royal,Emerson,df8b52a5,588,Emerson Royal,DEF,Tottenham,4.5,257275,Emerson,DEF,5,36174
Vlasic,Vlasic,,,,Vlasic,Nikola Vlaši?,aa8e289e,582,Vlasic,MID,West Ham,5.6,257177,Vlasic,MID,5.9,35707
Tomiyasu,,,,,Tomiyasu,Takehiro Tomiyasu,b3af9be1,590,Tomiyasu,DEF,Arsenal,4.5,257276,Tomiyasu,DEF,4.8,36104
Normann,,,,,Mathias Normann,Mathias Normann,8996350d,581,Normann,MID,Norwich,4.5,257281,Normann,MID,5,35213
Cucurella,,,,,Cucurella,Marc Cucurella,1daec722,584,Cucurella,DEF,B & H Albion,4.9,257179,Cucurella,MID,4.5,35998
Kabak,,,,Kabak,Kabak,Ozan Kabak,2d61d13a,580,Kabak,DEF,Norwich,4.3,203020,Kabak,DEF,4.3,36610
C Roberts,Roberts (Connor),,,,Roberts (Connor),Connor Roberts,24fae784,585,Roberts,DEF,Burnley,4.4,257280,Roberts,DEF,4.5,34965
Kral,,,,,Kral,Alex Král,e717705a,589,Kral,MID,West Ham,4.4,257279,Kral,MID,5,35934
Rondon,Rondón,Rondón,,,Rondón,Salomón Rondón,b318a643,591,Rondón,FWD,Everton,6,257278,Rondon,FWD,5.5,32767
Saul,,,,,Ñíguez,Saúl Ñíguez,c14bc029,592,Saúl,MID,Chelsea,4.9,257277,Niguez,MID,6,34659
Bettinelli,,Bettinelli,,,Bettinelli,Marcus Bettinelli,0d85a4e8,606,Bettinelli,GK,Chelsea,4,237977,Bettinelli,GK,4,33748
Munoz,,,,,Munoz,Santiago Muñóz,dd986929,,Munoz,FWD,Newcastle United,4.5,259614,Munoz,FWD,4,37482
Sinisalo,,,,,Sinisalo,Viljami Sinisalo,a48635b8,596,Sinisalo,GK,Aston Villa,4,,,,,37175
Carson,,,,Carson,Carson,Scott Carson,3e1550ee,593,Carson,GK,Man City,3.9,139990,Carson,GK,4.5,31293
Zanka,Zanka,Zanka,,,Zanka,Mathias Jørgensen,0db5d2c8,594,Zanka,DEF,Brentford,4.5,259132,Jorgensen,DEF,4.5,32986
Markanday,,,,,Markanday,Dilan Markanday,4f242e0e,597,Markanday,MID,Tottenham,4.5,,,,,37123
Omole,,,,,Omole,Tobi Omole,296904e8,598,Omole,DEF,Tottenham,3.9,,,,,36511
J White,,,,,White (Joe),Joe White,d60c03a9,599,White,MID,Newcastle United,4.4,,,,,37530
Kenneh,,,,,Kenneh,Nohan Kenneh,bc91e227,600,Kenneh,MID,Leeds United,4.4,,,,,37631
McKinstry,,,,,McKinstry,Stuart McKinstry,1000a059,601,McKinstry,MID,Leeds United,4.3,271705,McKinstry,MID,4,37517
Simms,,,,,Simms,Ellis Simms,26d3b5be,602,Simms,FWD,Everton,4.5,273794,Simms,FWD,4,36896
Mbete,,,,,Mbete,Luke Mbete-Tatu,387e1d35,603,Mbete,DEF,Man City,3.9,,,,,36787
Wilson-Esbrand,,,,,Wilson-Esbrand,Josh Wilson-Esbrand,c19a2df1,604,Wilson-Esbrand,DEF,Man City,3.9,,,,,37616
Lavia,,,,,Lavia,Roméo Lavia,ecad9aa5,605,Lavia,MID,Man City,4.4,,,,,37992
Leonard,,,,,Leonard,Marc Leonard,bd8afa3d,654,Leonard,MID,B & H Albion,4.5,,,,,37244
Turns,,,,,Turns,Ed Turns,9bbef03e,653,Turns,DEF,B & H Albion,4,,,,,37547
Bradley,,,,,Bradley,Conor Bradley,bbd67769,626,Bradley,DEF,Liverpool,4,274593,Bradley,DEF,4,37811
K Gordon,,,,,Gordon (Kaide),Kaide Gordon,19a9cb70,625,Gordon,MID,Liverpool,4.5,,,,,38265
Burns,,,,,Burns,Finley Burns,bebe4df1,,Burns,DEF,Man City,4,,,,,37789
Egan-Riley,,,,,Egan-Riley,CJ Egan-Riley,d313e8ff,651,Egan-Riley,DEF,Man City,4,,,,,37623
Dobbin,,,,,Dobbin,Lewis Dobbin,e814e1cf,607,Dobbin,FWD,Everton,4.5,260243,Dobbin,FWD,4,37624
Hjelde,,,,,Hjelde,Leo Fuhr Hjelde,d102b8a2,608,Hjelde,DEF,Leeds United,4,280662,Hjelde,DEF,4.5,37859
Anderson,,,,Anderson,Anderson,Elliot Anderson,de31038e,609,Anderson,MID,Newcastle United,4.5,200376,Anderson,MID,4.5,37566
Bogarde,,,,,Bogarde,Lamare Bogarde,bca5c4a7,610,Bogarde,DEF,Aston Villa,4,,,,,37991
Moulden,,,,,Moulden,Louie Moulden,7b7de75a,611,Moulden,GK,Wolverhampton,4,,,,,37262
Sarmiento,,,,,Sarmiento,Jeremy Sarmiento,ac0d576d,612,Sarmiento,MID,B & H Albion,4.5,272775,Sarmiento,MID,5.5,37423
Whitaker,,,,,Whitaker,Charlie Whitaker,08288a57,613,Whitaker,MID,Everton,4.5,,,,,37880
Maghoma,,,,,Maghoma,Edmond-Paris Maghoma,8a3ddcd2,614,Maghoma,MID,Brentford,4.5,,,,,37019
Slicker,,,,,Slicker,Cieran Slicker,02aed921,615,Slicker,GK,Man City,4,,,,,37514
Tyrer,,,,,Tyrer,Harry Tyrer,af49fb14,616,Tyrer,GK,Everton,4,,,,,37231
Ashby,,,,,Ashby,Harrison Ashby,b391383a,617,Ashby,DEF,West Ham,4,273787,Ashby,DEF,4,37209
Nkoulou,,,,,N'Koulou,Nicolas Nkoulou,93cf32a8,618,Nkoulou,DEF,Watford,4.4,262155,N'Koulou,DEF,4.5,32959
Cox,,,,,Cox,Matthew Cox,fea06849,619,Cox,GK,Brentford,4,,,,,37743
Morton,,,,,Morton,Tyler Morton,2bc28bb9,620,Morton,MID,Liverpool,4.5,271609,Morton,MID,4.5,37560
Storer,,,,,Storer,James Storer,257b20e1,621,Storer,GK,Wolverhampton,4,,,,,31897
Welch,,,,,Welch,Reece Welch,a182122b,623,Welch,DEF,Everton,4,,,,,37883
Bate,,,,,Bate,Lewis Bate,cd4256d3,624,Bate,MID,Leeds United,4.5,280768,Bate,MID,4.5,37558
Beck,,,,,Beck,Owen Beck,a011a1e9,627,Beck,DEF,Liverpool,4,274594,Beck,DEF,4,37477
Haygarth,,,,,Haygarth,Maxwell Haygarth,2294d430,628,Haygarth,MID,Brentford,4.5,,,,,37277
McAtee,,,,,McAtee,James McAtee,96593e89,629,McAtee,MID,Man City,4.4,271700,McAtee,MID,4,37547
Onyango,,,,,Onyango,Tyler Onyango,d86a1f3e,630,Onyango,MID,Everton,4.5,271701,Onyango,MID,4,37684
Jenkins,,,,,Jenkins,Jack Jenkins,3d46127c,631,Jenkins,MID,Leeds United,4.5,,,,,37338
Morris,,,,,Morris,James Morris,59e3e314,633,Morris,DEF,Watford,4,,,,,37218
Perkins,,,,,Perkins,Sonny Perkins,a440ed21,634,Perkins,MID,West Ham,4.5,,,,,38027
Bueno,,,,,Bueno,Hugo Bueno,bfc3b3a0,635,Bueno,DEF,Wolverhampton,4,,,,,37517
H Lewis,,,,,Lewis (Harry),Harry Lewis,c35e99d8,637,Lewis,GK,Southampton,3.9,273452,Lewis,GK,4,35784
Iroegbunam,,,,,Iroegbunam,Tim Iroegbunam,84c5ceea,638,Iroegbunam,MID,Aston Villa,4.5,,,,,37480
Daley-Campbell,,,,,Daley-Campbell,Vontae Daley Campbell,192d4c3d,639,Daley-Campbell,DEF,Leicester City,4,,,,,36983
Young-Coombes,,,,,Young-Coombes,Nathan Young-Coombes,f9682888,640,Young-Coombes,FWD,Brentford,4.5,,,,,37636
Caballero,Caballero,Caballero,Caballero,Caballero,Caballero,Willy Caballero,a179d516,641,Caballero,GK,Southampton,4.2,23157,Caballero,GK,4,29857
Angelini,,,,,Angelini,Vincent Angelini,536e58cc,642,Angelini,GK,Watford,4,,,,,37876
Tomkinson,,,,,Tomkinson,Jonathan Tomkinson,4ba27cea,643,Tomkinson,DEF,Norwich,4,,,,,37357
Alese,,,,,Alese,Ajibola Alese,182a8b9d,644,Alese,DEF,West Ham,4,,,,,36542
B Nelson,,,,,Nelson (Ben),Benjamin Nelson,7be10897,645,Nelson,DEF,Leicester City,4,,,,,38064
Brunt,,,,,Brunt,Lewis Brunt,a2081c6b,646,Brunt,MID,Leicester City,4.5,,,,,36836
McAteer,,,,,McAteer,Kasey McAteer,b2c66859,647,McAteer,MID,Leicester City,4.5,273728,McAteer,MID,4,37217
Rowe,,,,,Rowe (Jonathan),Jon Rowe,8c12f884,648,Rowe,MID,Norwich,4.4,,,,,37741
Dickson-Peters,,,,,Dickson-Peters,Thomas Dickson-Peters,f119a610,649,Dickson-Peters,FWD,Norwich,4.5,,,,,37515
Marschall,,,,,Marschall,Filip Marshall,a79abd8b,650,Marschall,GK,Aston Villa,4,,,,,37735
Oko-Flex,,,,,Oko-Flex,Armstrong Okoflex,ab77d10d,652,Oko-Flex,MID,West Ham,4.4,,,,,37317
E Ferguson,,,,,Ferguson (Evan),Evan Ferguson,4596da74,655,E Ferguson,FWD,B & H Albion,4.5,,,,,38279
Pitaluga,,,,,Pitaluga,Marcelo Pitaluga,b3cafda8,656,Pitaluga,GK,Liverpool,4,,,,,37610
Moore,,,,,Moore,Kris Moore,b660a486,657,Moore,DEF,Leeds United,4,,,,,37938
Archie Gray,,,,,Gray (Archie),Archie Gray,f58515f5,658,Gray,MID,Leeds United,4.5,,,,,38788
Austin,,,,,Austin,Brandon Austin,5e253986,659,Austin,GK,Tottenham,4,,,,,36168
Quansah,,,,,Quansah,Jarrell Quansah,4125cb98,660,Quansah,DEF,Liverpool,4,,,,,37650
Jordao,,,Bruno Jordao,,Bruno Jordao,Bruno Jordão,41ff002d,661,Jordão,MID,Wolverhampton,4.5,,,,,36080
Peart-Harris,,,,,Peart-Harris,Myles Peart-Harris,ea1a5662,662,Peart-Harris,MID,Brentford,4.5,,,,,37517
Kayky,,,,,Kayky,Kayky Chagas,17734ea0,663,Kayky,FWD,Man City,5,,,,,37783
Patino,,,,,Patino,Charlie Patino,e71aac2c,664,Patino,MID,Arsenal,4.5,274588,Patino,MID,4,37911
Simeu,,,,,Simeu,Dybel Simeu,6df49f02,665,Simeu,DEF,Southampton,4,,,,,37328
Okoye,,,,,Okoye,Maduka Okoye,ab5c36dd,,Okoye,GK,Watford,4,,,,,36400
Watts,,,,Watts,Watts,Caleb Watts,c7170b46,,Watts,MID,Southampton,4.5,202382,Watts,MID,4.5,37272
Simons,,,,,Simons,Xavier Simons,2f0cfc9b,,Simons,MID,Chelsea,4.5,274589,Simons,MID,4,37672
Vale,,,,,Vale,Harvey Vale,a70182a5,672,Vale,MID,Chelsea,4.5,274590,Vale,MID,4,37875
Soonsup-Bell,,,,,Soonsup-Bell,Jude Soonsup-Bell,e9619634,,Soonsup-Bell,FWD,Chelsea,4.5,274591,Soonsup-Bell,FWD,4,37996
Koumetio,,,,,Koumetio,Billy Koumetio,866c67e9,,Koumetio,DEF,Liverpool,4,274592,Koumetio,DEF,4,37574
McCracken,,,,,McCracken,Jon McCracken,47188db7,666,McCracken,GK,Norwich,4,,,,,36670
H White,,,,,White (Harvey),Harvey White,4d90ce8c,668,White,MID,Tottenham,4.4,,,,,37153
Conteh,,,,,Conteh,Kamil Conteh,1d5c9842,669,Conteh,MID,Watford,4.5,,,,,37616
Feeney,,,,,Feeney,Josh Feeney,185321d3,670,Feeney,DEF,Aston Villa,4,,,,,38478
Hall,,,,,Hall,Lewis Hall,da011f18,671,Hall,MID,Chelsea,4.5,,,,,38238
Lossl,Lössl,Lössl,,,Lössl,Jonas Lössl,939bc634,673,Lössl,GK,Brentford,4.5,274828,Lossl,GK,4.5,32540
Patterson,,,,,Patterson,Nathan Patterson,230f0471,674,Patterson,DEF,Everton,4.2,274923,Patterson,DEF,4.5,37180
Mykolenko,,,,,Mykolenko,Vitaliy Mykolenko,30d4a2e5,675,Mykolenko,DEF,Everton,4.9,274827,Mykolenko,DEF,4.5,36309
S Hughes,,,,,Hughes (Sam),Sam Hughes,286f5a8e,,Hughes,DEF,Leicester City,4,,,,,35535
Samir,,,,,Samir,Samir Santos,92b4758e,677,Samir,DEF,Watford,4.5,278660,Samir,DEF,4.5,34673
Trippier,Trippier,Trippier,,,Trippier,Kieran Trippier,21512407,678,Trippier,DEF,Newcastle United,4.9,278659,Trippier,DEF,4.7,33135
Coutinho,Coutinho,,,,Coutinho,Philippe Coutinho,0ef89a37,681,Coutinho,MID,Aston Villa,7,278661,Coutinho,MID,6.6,33767
H Kamara,,,,,Kamara (Hassane),Hassane Kamara,19a12bed,676,Kamara,DEF,Watford,4.5,276427,Kamara,DEF,4,34596
Kayembe,,,,,Kayembe,Edo Kayembe,f99b71de,679,Kayembe,MID,Watford,4.6,278691,Kayembe,MID,4.5,36010
Chauke,,,,,Chauke,Kgagelo Chauke,06791660,680,Chauke,MID,Southampton,4.5,,,,,37629
Ekwah,,,,,Ekwah,Pierre Ekwah Elimby,830371be,682,Ekwah,DEF,West Ham,4,,,,,37271
Gibbs,,,,,Gibbs,Liam Gibbs,e4b6d914,683,Gibbs,MID,Norwich,4.5,,,,,37606
Toti,,,,,Toti,Toti Gomes,f0caab96,685,Toti,DEF,Wolverhampton,4.4,280711,Gomes,DEF,4.5,36176
K Hayden,,,,,Hayden (Kaine),Kaine Hayden,486b08b3,684,Hayden,DEF,Aston Villa,4,,,,,37552
Sanderson,,,,,Sanderson,Dion Sanderson,b3fa76c5,686,Sanderson,DEF,Wolverhampton,4,,,,,36509
Giles,,,,,Giles,Ryan John Giles,73b1d65b,687,Giles,MID,Wolverhampton,4.5,,,,,36551
McGill,,,,,McGill,Thomas McGill,4eb2d015,688,McGill,GK,B & H Albion,4,,,,,36610
Chiquinho,,,,,Chiquinho,Chiquinho,dc6c2f02,689,Chiquinho,MID,Wolverhampton,5.5,293578,Chiquinho,MID,5,36561
Kenedy,Kenedy,Kenedy,,,Kenedy,Kenedy,5eebbfdf,690,Kenedy,DEF,Chelsea,4.5,280703,Kenedy,DEF,5,35103
Olsen,,,,Olsen,Olsen,Robin Olsen,e7ee38c3,691,Olsen,GK,Aston Villa,4,,,,,32881
Hutchinson,,,,,Hutchinson,Omari Hutchinson,bd9553e6,692,Hutchinson,MID,Arsenal,4.5,,,,,37924
Oulad,,,,,Oulad M'hand,Salah Oulad M'Hand,b85c3273,693,Oulad M'hand,MID,Arsenal,4.5,,,,,37853
Biereth,,,,,Biereth,Mika Biereth,a1d95db3,694,Biereth,FWD,Arsenal,4.5,,,,,37660
Alebiosu,,,,,Alebiosu,Ryan Alebiousu,ce048fb8,695,Alebiosu,DEF,Arsenal,4,,,,,37242
Eriksen,Eriksen,Eriksen,Eriksen,,Eriksen,Christian Eriksen,980522ec,699,Eriksen,MID,Brentford,5.6,283053,Eriksen,MID,5.8,33648
Diaz,,,,,Díaz,Luis Díaz,4a1a9578,696,Diaz,MID,Liverpool,7.9,283021,Diaz,MID,5.6,35443
Guimaraes,,,,,Bruno Guimarães,Bruno Guimarães,82518f62,697,Guimaraes,MID,Newcastle United,5,283020,Guimaraes,MID,5.1,35750
Bentancur,,,,,Bentancur,Rodrigo Bentancur,3b8674e6,702,Bentancur,MID,Tottenham,4.9,291492,Bentacur,MID,5,35586
Kulusevski,,,,,Kulusevski,Dejan Kulusevski,df3cda47,701,Kulusevski,MID,Tottenham,6.4,291491,Kulusevski,MID,6.9,36641
Weghorst,,,,,Weghorst,Wout Weghorst,c4e87b8b,700,Weghorst,FWD,Burnley,6.4,283052,Weghorst,FWD,5.5,33823
Kalu,,,,,Kalu,Samuel Kalu,b8d22478,698,Kalu,MID,Watford,4.9,282728,Kalu,MID,5.5,35668
Mejbri,,,,Mejbri,Mejbri,Hannibal Mejbri,ca22ccb0,706,Mejbri,MID,Man United,4.5,,,,,37642
Arce,,,,,Arce,Billy Arce,44af2ec3,,Arce,MID,B & H Albion,4.5,,,,,35988
Sarkic,,,,,Sarkic,Matija Šarki?,a89e7b29,,Sarkic,GK,Wolverhampton,4,,,,,35634
Chong,,Chong,Chong,,Chong,Tahith Chong,2696b6a9,,Chong,MID,Man United,4.5,,,,,36498
Whiteman,,,,,Whiteman,Alfie Whiteman,3f2587ee,,Whiteman,GK,Tottenham,4,,,,,36070
Chrisene,,,,,Chrisene,Benjamin Chrisene,b17008fc,703,Chrisene,MID,Aston Villa,4.5,,,,,37998
Delap,,,,,Delap,Liam Delap,dd897ee7,704,Delap,FWD,Man City,4.5,,,,,37660
Awe,,,,,Awe,Zach Awe,7a0ae4f0,705,Awe,DEF,Arsenal,4,,,,,37995
De Bolle,,,,,De Bolle,Lucas De Bolle,430e09c0,707,De Bolle,MID,Newcastle United,4.4,,,,,37551
Waller,,,,,Waller,Sam Waller,8ee48565,708,Waller,GK,Burnley,4,,,,,37873
Adaramola,,,,,Adaramola,Omotayo Adaramola,c150b220,709,Adaramola,DEF,Crystal Palace,4,,,,,37939
Chesters,,,,,Chesters,Daniel Chesters,240c8ab6,710,Chesters,MID,West Ham,4.5,,,,,37350
Swanson,,,,,Swanson,Zak Swanson,5b7381b5,711,Swanson,DEF,Arsenal,4,,,,,36797
Offiah,,,,,Offiah,Odeluga Offiah,65c3efa2,712,Offiah,DEF,B & H Albion,4,,,,,37555
O'Reilly,,,,,O'Reilly,Tommi O'Reilly,345fc437,713,O'Reilly,MID,Aston Villa,4.5,,,,,37970
Devine,,,,,Devine,Alfie Devine,ba08056d,714,Devine,MID,Tottenham,4.5,,,,,38200
A Kamara,,,,,Kamara (Abu),Abu Kamara,a6fbfa77,715,Kamara,FWD,Norwich,4.5,,,,,37823
Springett,,,,,Springett,Tony Springett,35be8087,716,Springett,MID,Norwich,4.5,,,,,37521
Bowden,,,,,Bowden,Jamie Bowden,9a5675c9,717,Bowden,MID,Tottenham,4.5,,,,,37081
Price,,,,,Price,Isaac Price,b9403c99,718,Price,MID,Everton,4.5,,,,,37890
Ogungbo,,,,,Ogungbo,Mazeed Ogungbo,bacf9d43,719,Ogungbo,DEF,Arsenal,4,,,,,37549
Flores,,,,,Flores,Marcelo Flores,937b36b1,720,Flores,MID,Arsenal,4.5,,,,,37895
Azeez,,,,,Azeez,Miguel Azeez,660e71be,721,Azeez,MID,Arsenal,4.5,,,,,37519
Jeanvier,,,,,Jeanvier,Julian Jeanvier,5cb215fc,722,Jeanvier,DEF,Brentford,4,,,,,33694
Garnacho,,,,,Alejandro Garnacho,Alejandro Garnacho,7aa8adfe,723,Garnacho,MID,Man United,4.5,,,,,38169
Lavinier,,,,,Lavinier,Marcel Lavinier,6b3e4b53,724,Lavinier,DEF,Tottenham,4,,,,,36876
Forde,,,,,Forde,Shaqai Forde,ebeac9e5,725,Forde,FWD,Watford,4.5,,,,,38112
Costelloe,,,,,Costelloe,Dara Costelloe,6281b7ed,726,Costelloe,MID,Burnley,4.5,,,,,37601
Shoretire,,,,Shoretire,Shoretire,Shola Shoretire,00f0482f,727,Shoretire,MID,Man United,4.5,,,,,38019
A Fernandez C,,,,,Fernández Carreras,Álvaro Fernández,33a68b9b,728,Álvaro Fernández ,DEF,Man United,4,,,,,37703
